0.000000000000000000e+00,3.025856989358014504e-01,4.207354924039483079e-02,9.820128963961924917e-01,-1.906436613497673571e+00,8.124926961323850616e-01,-6.143604549664252179e-01
5.000000000000000278e-02,3.030834355966839366e-01,4.343421754574459254e-02,9.820128963961924917e-01,-1.906436613497673571e+00,8.124926961323850616e-01,-6.143604549664252179e-01
1.000000000000000056e-01,3.035810896021564620e-01,4.479461762224180160e-02,9.820128963961924917e-01,-1.906436613497673571e+00,8.124926961323850616e-01,-6.143604549664252179e-01
1.500000000000000222e-01,3.040786474661094085e-01,4.615469424168752027e-02,9.820128963961924917e-01,-1.906436613497673571e+00,8.124926961323850616e-01,-6.143604549664252179e-01
2.000000000000000111e-01,3.045760957034512884e-01,4.751439218160517092e-02,9.820128963961924917e-01,-1.906436613497673571e+00,8.124926961323850616e-01,-6.143604549664252179e-01
2.500000000000000000e-01,3.050734208305119211e-01,4.887365622756240091e-02,9.820128963961924917e-01,-1.906436613497673571e+00,8.124926961323850616e-01,-6.143604549664252179e-01
3.000000000000000444e-01,3.055706093654455002e-01,5.023243117549254511e-02,9.820128963961924917e-01,-1.906436613497673571e+00,8.124926961323850616e-01,-6.143604549664252179e-01
3.500000000000000333e-01,3.060676478286334934e-01,5.159066183401572747e-02,9.820128963961924917e-01,-1.906436613497673571e+00,8.124926961323850616e-01,-6.143604549664252179e-01
4.000000000000000222e-01,3.065645227430879305e-01,5.294829302675951171e-02,9.820128963961924917e-01,-1.906436613497673571e+00,8.124926961323850616e-01,-6.143604549664252179e-01
4.500000000000000111e-01,3.070612206348540263e-01,5.430526959467885106e-02,9.820128963961924917e-01,-1.906436613497673571e+00,8.124926961323850616e-01,-6.143604549664252179e-01
5.000000000000000000e-01,3.075577280334130803e-01,5.566153639837544825e-02,9.820128963961924917e-01,-1.906436613497673571e+00,8.124926961323850616e-01,-6.143604549664252179e-01
5.500000000000000444e-01,3.080540314720853767e-01,5.701703832041629672e-02,9.820128963961924917e-01,-1.906436613497673571e+00,8.124926961323850616e-01,-6.143604549664252179e-01
6.000000000000000888e-01,3.085501174884324183e-01,5.837172026765126420e-02,9.820128963961924917e-01,-1.906436613497673571e+00,8.124926961323850616e-01,-6.143604549664252179e-01
6.500000000000000222e-01,3.090459726246597705e-01,5.972552717352981599e-02,9.820128963961924917e-01,-1.906436613497673571e+00,8.124926961323850616e-01,-6.143604549664252179e-01
7.000000000000000666e-01,3.095415834280192957e-01,6.107840400041655848e-02,9.820128963961924917e-01,-1.906436613497673571e+00,8.124926961323850616e-01,-6.143604549664252179e-01
7.500000000000000000e-01,3.100369364512112202e-01,6.243029574190564479e-02,9.820128963961924917e-01,-1.906436613497673571e+00,8.124926961323850616e-01,-6.143604549664252179e-01
8.000000000000000444e-01,3.105320182527865347e-01,6.378114742513388280e-02,9.820128963961924917e-01,-1.906436613497673571e+00,8.124926961323850616e-01,-6.143604549664252179e-01
8.500000000000000888e-01,3.110268153975483951e-01,6.513090411309246930e-02,9.820128963961924917e-01,-1.906436613497673571e+00,8.124926961323850616e-01,-6.143604549664252179e-01
9.000000000000000222e-01,3.115213144569541903e-01,6.647951090693729470e-02,9.820128963961924917e-01,-1.906436613497673571e+00,8.124926961323850616e-01,-6.143604549664252179e-01
9.500000000000000666e-01,3.120155020095169429e-01,6.782691294829755468e-02,9.820128963961924917e-01,-1.906436613497673571e+00,8.124926961323850616e-01,-6.143604549664252179e-01
1.000000000000000000e+00,3.125093646412064885e-01,6.917305542158287690e-02,2.874642141016864549e+00,-5.217892151432965697e-01,1.165025074419803630e+00,-3.410541594153866929e-01
1.050000000000000044e+00,3.130028889458508212e-01,7.051788355628849092e-02,2.874642141016864549e+00,-5.217892151432965697e-01,1.165025074419803630e+00,-3.410541594153866929e-01
1.100000000000000089e+00,3.134960615255364957e-01,7.186134262929871896e-02,2.874642141016864549e+00,-5.217892151432965697e-01,1.165025074419803630e+00,-3.410541594153866929e-01
1.150000000000000133e+00,3.139888689910096398e-01,7.320337796718826007e-02,2.874642141016864549e+00,-5.217892151432965697e-01,1.165025074419803630e+00,-3.410541594153866929e-01
1.200000000000000178e+00,3.144812979620761340e-01,7.454393494852175339e-02,2.874642141016864549e+00,-5.217892151432965697e-01,1.165025074419803630e+00,-3.410541594153866929e-01
1.250000000000000000e+00,3.149733350680015143e-01,7.588295900615082967e-02,2.874642141016864549e+00,-5.217892151432965697e-01,1.165025074419803630e+00,-3.410541594153866929e-01
1.300000000000000044e+00,3.154649669479112073e-01,7.722039562950924751e-02,2.874642141016864549e+00,-5.217892151432965697e-01,1.165025074419803630e+00,-3.410541594153866929e-01
1.350000000000000089e+00,3.159561802511896000e-01,7.855619036690530965e-02,2.874642141016864549e+00,-5.217892151432965697e-01,1.165025074419803630e+00,-3.410541594153866929e-01
1.400000000000000133e+00,3.164469616378793315e-01,7.989028882781223917e-02,2.874642141016864549e+00,-5.217892151432965697e-01,1.165025074419803630e+00,-3.410541594153866929e-01
1.450000000000000178e+00,3.169372977790803070e-01,8.122263668515564139e-02,2.874642141016864549e+00,-5.217892151432965697e-01,1.165025074419803630e+00,-3.410541594153866929e-01
1.500000000000000000e+00,3.174271753573483235e-01,8.255317967759864817e-02,2.874642141016864549e+00,-5.217892151432965697e-01,1.165025074419803630e+00,-3.410541594153866929e-01
1.550000000000000044e+00,3.179165810670928627e-01,8.388186361182406459e-02,2.874642141016864549e+00,-5.217892151432965697e-01,1.165025074419803630e+00,-3.410541594153866929e-01
1.600000000000000089e+00,3.184055016149753281e-01,8.520863436481378173e-02,2.874642141016864549e+00,-5.217892151432965697e-01,1.165025074419803630e+00,-3.410541594153866929e-01
1.650000000000000133e+00,3.188939237203065047e-01,8.653343788612538612e-02,2.874642141016864549e+00,-5.217892151432965697e-01,1.165025074419803630e+00,-3.410541594153866929e-01
1.700000000000000178e+00,3.193818341154436302e-01,8.785622020016552181e-02,2.874642141016864549e+00,-5.217892151432965697e-01,1.165025074419803630e+00,-3.410541594153866929e-01
1.750000000000000000e+00,3.198692195461869670e-01,8.917692740846028254e-02,2.874642141016864549e+00,-5.217892151432965697e-01,1.165025074419803630e+00,-3.410541594153866929e-01
1.800000000000000044e+00,3.203560667721763178e-01,9.049550569192235661e-02,2.874642141016864549e+00,-5.217892151432965697e-01,1.165025074419803630e+00,-3.410541594153866929e-01
1.850000000000000089e+00,3.208423625672869317e-01,9.181190131311481317e-02,2.874642141016864549e+00,-5.217892151432965697e-01,1.165025074419803630e+00,-3.410541594153866929e-01
1.900000000000000133e+00,3.213280937200249654e-01,9.312606061851155803e-02,2.874642141016864549e+00,-5.217892151432965697e-01,1.165025074419803630e+00,-3.410541594153866929e-01
1.950000000000000178e+00,3.218132470339224449e-01,9.443793004075420883e-02,2.874642141016864549e+00,-5.217892151432965697e-01,1.165025074419803630e+00,-3.410541594153866929e-01
2.000000000000000000e+00,3.222978093279319500e-01,9.574745610090538983e-02,3.211141317993928546e+00,-3.751661750900489256e+00,1.222818046510468104e+00,-2.057591248752245194e-01
2.050000000000000266e+00,3.227817674368209655e-01,9.705458541069847400e-02,3.211141317993928546e+00,-3.751661750900489256e+00,1.222818046510468104e+00,-2.057591248752245194e-01
2.100000000000000089e+00,3.232651082115650665e-01,9.835926467478321722e-02,3.211141317993928546e+00,-3.751661750900489256e+00,1.222818046510468104e+00,-2.057591248752245194e-01
2.149999999999999911e+00,3.237478185197417146e-01,9.966144069296786756e-02,3.211141317993928546e+00,-3.751661750900489256e+00,1.222818046510468104e+00,-2.057591248752245194e-01
2.200000000000000178e+00,3.242298852459223890e-01,1.009610603624571112e-01,3.211141317993928546e+00,-3.751661750900489256e+00,1.222818046510468104e+00,-2.057591248752245194e-01
2.250000000000000000e+00,3.247112952920652718e-01,1.022580706800857997e-01,3.211141317993928546e+00,-3.751661750900489256e+00,1.222818046510468104e+00,-2.057591248752245194e-01
2.300000000000000266e+00,3.251920355779063243e-01,1.035524187445489852e-01,3.211141317993928546e+00,-3.751661750900489256e+00,1.222818046510468104e+00,-2.057591248752245194e-01
2.350000000000000089e+00,3.256720930413511406e-01,1.048440517586270576e-01,3.211141317993928546e+00,-3.751661750900489256e+00,1.222818046510468104e+00,-2.057591248752245194e-01
2.400000000000000355e+00,3.261514546388649127e-01,1.061329170314071202e-01,3.211141317993928546e+00,-3.751661750900489256e+00,1.222818046510468104e+00,-2.057591248752245194e-01
2.450000000000000178e+00,3.266301073458630078e-01,1.074189619804995083e-01,3.211141317993928546e+00,-3.751661750900489256e+00,1.222818046510468104e+00,-2.057591248752245194e-01
2.500000000000000000e+00,3.271080381570998230e-01,1.087021341342499225e-01,3.211141317993928546e+00,-3.751661750900489256e+00,1.222818046510468104e+00,-2.057591248752245194e-01
2.550000000000000266e+00,3.275852340870583634e-01,1.099823811339470381e-01,3.211141317993928546e+00,-3.751661750900489256e+00,1.222818046510468104e+00,-2.057591248752245194e-01
2.600000000000000089e+00,3.280616821703379316e-01,1.112596507360250064e-01,3.211141317993928546e+00,-3.751661750900489256e+00,1.222818046510468104e+00,-2.057591248752245194e-01
2.650000000000000355e+00,3.285373694620422058e-01,1.125338908142617111e-01,3.211141317993928546e+00,-3.751661750900489256e+00,1.222818046510468104e+00,-2.057591248752245194e-01
2.700000000000000178e+00,3.290122830381663754e-01,1.138050493619714998e-01,3.211141317993928546e+00,-3.751661750900489256e+00,1.222818046510468104e+00,-2.057591248752245194e-01
2.750000000000000000e+00,3.294864099959831649e-01,1.150730744941934058e-01,3.211141317993928546e+00,-3.751661750900489256e+00,1.222818046510468104e+00,-2.057591248752245194e-01
2.800000000000000266e+00,3.299597374544291362e-01,1.163379144498739165e-01,3.211141317993928546e+00,-3.751661750900489256e+00,1.222818046510468104e+00,-2.057591248752245194e-01
2.850000000000000089e+00,3.304322525544895472e-01,1.175995175940447723e-01,3.211141317993928546e+00,-3.751661750900489256e+00,1.222818046510468104e+00,-2.057591248752245194e-01
2.900000000000000355e+00,3.309039424595832668e-01,1.188578324199953962e-01,3.211141317993928546e+00,-3.751661750900489256e+00,1.222818046510468104e+00,-2.057591248752245194e-01
2.950000000000000178e+00,3.313747943559459119e-01,1.201128075514398541e-01,3.211141317993928546e+00,-3.751661750900489256e+00,1.222818046510468104e+00,-2.057591248752245194e-01
3.000000000000000000e+00,3.318447954530138189e-01,1.213643917446786402e-01,2.935285101641017302e+00,-9.975003207838661901e-02,2.264433415721975429e+00,-1.390197186904325310e-01
3.050000000000000266e+00,3.323139329838059042e-01,1.226125338907545492e-01,2.935285101641017302e+00,-9.975003207838661901e-02,2.264433415721975429e+00,-1.390197186904325310e-01
3.100000000000000089e+00,3.327821942053057480e-01,1.238571830176030675e-01,2.935285101641017302e+00,-9.975003207838661901e-02,2.264433415721975429e+00,-1.390197186904325310e-01
3.150000000000000355e+00,3.332495663988426227e-01,1.250982882921971295e-01,2.935285101641017302e+00,-9.975003207838661901e-02,2.264433415721975429e+00,-1.390197186904325310e-01
3.200000000000000178e+00,3.337160368704715219e-01,1.263357990226858241e-01,2.935285101641017302e+00,-9.975003207838661901e-02,2.264433415721975429e+00,-1.390197186904325310e-01
3.250000000000000000e+00,3.341815929513530237e-01,1.275696646605272988e-01,2.935285101641017302e+00,-9.975003207838661901e-02,2.264433415721975429e+00,-1.390197186904325310e-01
3.300000000000000266e+00,3.346462219981319874e-01,1.287998348026157258e-01,2.935285101641017302e+00,-9.975003207838661901e-02,2.264433415721975429e+00,-1.390197186904325310e-01
3.350000000000000089e+00,3.351099113933155849e-01,1.300262591934019385e-01,2.935285101641017302e+00,-9.975003207838661901e-02,2.264433415721975429e+00,-1.390197186904325310e-01
3.400000000000000355e+00,3.355726485456506647e-01,1.312488877270081566e-01,2.935285101641017302e+00,-9.975003207838661901e-02,2.264433415721975429e+00,-1.390197186904325310e-01
3.450000000000000178e+00,3.360344208905002295e-01,1.324676704493361612e-01,2.935285101641017302e+00,-9.975003207838661901e-02,2.264433415721975429e+00,-1.390197186904325310e-01
3.500000000000000000e+00,3.364952158902189683e-01,1.336825575601693905e-01,2.935285101641017302e+00,-9.975003207838661901e-02,2.264433415721975429e+00,-1.390197186904325310e-01
3.550000000000000266e+00,3.369550210345284569e-01,1.348934994152683198e-01,2.935285101641017302e+00,-9.975003207838661901e-02,2.264433415721975429e+00,-1.390197186904325310e-01
3.600000000000000089e+00,3.374138238408906920e-01,1.361004465284592901e-01,2.935285101641017302e+00,-9.975003207838661901e-02,2.264433415721975429e+00,-1.390197186904325310e-01
3.650000000000000355e+00,3.378716118548819591e-01,1.373033495737170928e-01,2.935285101641017302e+00,-9.975003207838661901e-02,2.264433415721975429e+00,-1.390197186904325310e-01
3.700000000000000178e+00,3.383283726505646460e-01,1.385021593872402534e-01,2.935285101641017302e+00,-9.975003207838661901e-02,2.264433415721975429e+00,-1.390197186904325310e-01
3.750000000000000000e+00,3.387840938308593342e-01,1.396968269695199605e-01,2.935285101641017302e+00,-9.975003207838661901e-02,2.264433415721975429e+00,-1.390197186904325310e-01
3.800000000000000266e+00,3.392387630279147803e-01,1.408873034874019714e-01,2.935285101641017302e+00,-9.975003207838661901e-02,2.264433415721975429e+00,-1.390197186904325310e-01
3.850000000000000089e+00,3.396923679034783428e-01,1.420735402761412747e-01,2.935285101641017302e+00,-9.975003207838661901e-02,2.264433415721975429e+00,-1.390197186904325310e-01
3.900000000000000355e+00,3.401448961492644640e-01,1.432554888414501737e-01,2.935285101641017302e+00,-9.975003207838661901e-02,2.264433415721975429e+00,-1.390197186904325310e-01
3.950000000000000178e+00,3.405963354873229876e-01,1.444331008615387657e-01,2.935285101641017302e+00,-9.975003207838661901e-02,2.264433415721975429e+00,-1.390197186904325310e-01
4.000000000000000000e+00,3.410466736704058088e-01,1.456063281891483707e-01,8.688939579848479866e+00,-3.108576926735346913e-01,2.068421905816794304e+00,-3.152675599930832712e-02
4.049999999999999822e+00,3.414958984823334709e-01,1.467751228535777441e-01,8.688939579848479866e+00,-3.108576926735346913e-01,2.068421905816794304e+00,-3.152675599930832712e-02
4.100000000000000533e+00,3.419439977383602614e-01,1.479394370627016009e-01,8.688939579848479866e+00,-3.108576926735346913e-01,2.068421905816794304e+00,-3.152675599930832712e-02
4.150000000000000355e+00,3.423909592855381989e-01,1.490992232049817012e-01,8.688939579848479866e+00,-3.108576926735346913e-01,2.068421905816794304e+00,-3.152675599930832712e-02
4.200000000000000178e+00,3.428367710030810200e-01,1.502544338514707756e-01,8.688939579848479866e+00,-3.108576926735346913e-01,2.068421905816794304e+00,-3.152675599930832712e-02
4.250000000000000000e+00,3.432814208027257785e-01,1.514050217578080115e-01,8.688939579848479866e+00,-3.108576926735346913e-01,2.068421905816794304e+00,-3.152675599930832712e-02
4.299999999999999822e+00,3.437248966290948338e-01,1.525509398662075466e-01,8.688939579848479866e+00,-3.108576926735346913e-01,2.068421905816794304e+00,-3.152675599930832712e-02
4.350000000000000533e+00,3.441671864600560071e-01,1.536921413074385234e-01,8.688939579848479866e+00,-3.108576926735346913e-01,2.068421905816794304e+00,-3.152675599930832712e-02
4.400000000000000355e+00,3.446082783070817945e-01,1.548285794027976503e-01,8.688939579848479866e+00,-3.108576926735346913e-01,2.068421905816794304e+00,-3.152675599930832712e-02
4.450000000000000178e+00,3.450481602156083016e-01,1.559602076660735748e-01,8.688939579848479866e+00,-3.108576926735346913e-01,2.068421905816794304e+00,-3.152675599930832712e-02
4.500000000000000000e+00,3.454868202653920140e-01,1.570869798055031241e-01,8.688939579848479866e+00,-3.108576926735346913e-01,2.068421905816794304e+00,-3.152675599930832712e-02
4.549999999999999822e+00,3.459242465708665115e-01,1.582088497257194137e-01,8.688939579848479866e+00,-3.108576926735346913e-01,2.068421905816794304e+00,-3.152675599930832712e-02
4.600000000000000533e+00,3.463604272814976848e-01,1.593257715296918509e-01,8.688939579848479866e+00,-3.108576926735346913e-01,2.068421905816794304e+00,-3.152675599930832712e-02
4.650000000000000355e+00,3.467953505821378402e-01,1.604376995206575063e-01,8.688939579848479866e+00,-3.108576926735346913e-01,2.068421905816794304e+00,-3.152675599930832712e-02
4.700000000000000178e+00,3.472290046933791396e-01,1.615445882040443815e-01,8.688939579848479866e+00,-3.108576926735346913e-01,2.068421905816794304e+00,-3.152675599930832712e-02
4.750000000000000000e+00,3.476613778719056524e-01,1.626463922893859326e-01,8.688939579848479866e+00,-3.108576926735346913e-01,2.068421905816794304e+00,-3.152675599930832712e-02
4.800000000000000711e+00,3.480924584108439634e-01,1.637430666922271572e-01,8.688939579848479866e+00,-3.108576926735346913e-01,2.068421905816794304e+00,-3.152675599930832712e-02
4.850000000000000533e+00,3.485222346401137816e-01,1.648345665360220480e-01,8.688939579848479866e+00,-3.108576926735346913e-01,2.068421905816794304e+00,-3.152675599930832712e-02
4.900000000000000355e+00,3.489506949267762170e-01,1.659208471540220553e-01,8.688939579848479866e+00,-3.108576926735346913e-01,2.068421905816794304e+00,-3.152675599930832712e-02
4.950000000000000178e+00,3.493778276753818357e-01,1.670018640911561381e-01,8.688939579848479866e+00,-3.108576926735346913e-01,2.068421905816794304e+00,-3.152675599930832712e-02
5.000000000000000000e+00,3.498036213283168827e-01,1.680775731059015177e-01,1.123157215350094873e+01,-1.201620652409659318e+00,2.299117474758832547e+00,-3.361527708860435198e-03
5.050000000000000711e+00,3.502280643661492276e-01,1.691479301721457995e-01,1.123157215350094873e+01,-1.201620652409659318e+00,2.299117474758832547e+00,-3.361527708860435198e-03
5.100000000000000533e+00,3.506511453079721452e-01,1.702128914810396298e-01,1.123157215350094873e+01,-1.201620652409659318e+00,2.299117474758832547e+00,-3.361527708860435198e-03
5.150000000000000355e+00,3.510728527117478182e-01,1.712724134428406653e-01,1.123157215350094873e+01,-1.201620652409659318e+00,2.299117474758832547e+00,-3.361527708860435198e-03
5.200000000000000178e+00,3.514931751746489530e-01,1.723264526887481329e-01,1.123157215350094873e+01,-1.201620652409659318e+00,2.299117474758832547e+00,-3.361527708860435198e-03
5.250000000000000000e+00,3.519121013334000625e-01,1.733749660727278430e-01,1.123157215350094873e+01,-1.201620652409659318e+00,2.299117474758832547e+00,-3.361527708860435198e-03
5.300000000000000711e+00,3.523296198646165278e-01,1.744179106733284301e-01,1.123157215350094873e+01,-1.201620652409659318e+00,2.299117474758832547e+00,-3.361527708860435198e-03
5.350000000000000533e+00,3.527457194851433830e-01,1.754552437954874367e-01,1.123157215350094873e+01,-1.201620652409659318e+00,2.299117474758832547e+00,-3.361527708860435198e-03
5.400000000000000355e+00,3.531603889523923234e-01,1.764869229723285138e-01,1.123157215350094873e+01,-1.201620652409659318e+00,2.299117474758832547e+00,-3.361527708860435198e-03
5.450000000000000178e+00,3.535736170646777699e-01,1.775129059669486864e-01,1.123157215350094873e+01,-1.201620652409659318e+00,2.299117474758832547e+00,-3.361527708860435198e-03
5.500000000000000000e+00,3.539853926615516011e-01,1.785331507741960144e-01,1.123157215350094873e+01,-1.201620652409659318e+00,2.299117474758832547e+00,-3.361527708860435198e-03
5.550000000000000711e+00,3.543957046241363873e-01,1.795476156224373732e-01,1.123157215350094873e+01,-1.201620652409659318e+00,2.299117474758832547e+00,-3.361527708860435198e-03
5.600000000000000533e+00,3.548045418754582347e-01,1.805562589753167135e-01,1.123157215350094873e+01,-1.201620652409659318e+00,2.299117474758832547e+00,-3.361527708860435198e-03
5.650000000000000355e+00,3.552118933807770773e-01,1.815590395335033025e-01,1.123157215350094873e+01,-1.201620652409659318e+00,2.299117474758832547e+00,-3.361527708860435198e-03
5.700000000000000178e+00,3.556177481479168567e-01,1.825559162364296661e-01,1.123157215350094873e+01,-1.201620652409659318e+00,2.299117474758832547e+00,-3.361527708860435198e-03
5.750000000000000000e+00,3.560220952275938711e-01,1.835468482640201515e-01,1.123157215350094873e+01,-1.201620652409659318e+00,2.299117474758832547e+00,-3.361527708860435198e-03
5.800000000000000711e+00,3.564249237137439019e-01,1.845317950384087191e-01,1.123157215350094873e+01,-1.201620652409659318e+00,2.299117474758832547e+00,-3.361527708860435198e-03
5.850000000000000533e+00,3.568262227438479539e-01,1.855107162256469100e-01,1.123157215350094873e+01,-1.201620652409659318e+00,2.299117474758832547e+00,-3.361527708860435198e-03
5.900000000000000355e+00,3.572259814992568838e-01,1.864835717374015434e-01,1.123157215350094873e+01,-1.201620652409659318e+00,2.299117474758832547e+00,-3.361527708860435198e-03
5.950000000000000178e+00,3.576241892055147531e-01,1.874503217326418669e-01,1.123157215350094873e+01,-1.201620652409659318e+00,2.299117474758832547e+00,-3.361527708860435198e-03
6.000000000000000000e+00,3.580208351326804594e-01,1.884109266193166876e-01,1.164144998470894166e+01,-3.369947891600429735e+00,1.980496632450928107e+00,5.903301345560524327e-02
6.050000000000000711e+00,3.584159085956483692e-01,1.893653470560204277e-01,1.164144998470894166e+01,-3.369947891600429735e+00,1.980496632450928107e+00,5.903301345560524327e-02
6.100000000000000533e+00,3.588093989544677842e-01,1.903135439536493001e-01,1.164144998470894166e+01,-3.369947891600429735e+00,1.980496632450928107e+00,5.903301345560524327e-02
6.150000000000000355e+00,3.592012956146602987e-01,1.912554784770464367e-01,1.164144998470894166e+01,-3.369947891600429735e+00,1.980496632450928107e+00,5.903301345560524327e-02
6.200000000000000178e+00,3.595915880275367127e-01,1.921911120466365253e-01,1.164144998470894166e+01,-3.369947891600429735e+00,1.980496632450928107e+00,5.903301345560524327e-02
6.250000000000000000e+00,3.599802656905119469e-01,1.931204063400495108e-01,1.164144998470894166e+01,-3.369947891600429735e+00,1.980496632450928107e+00,5.903301345560524327e-02
6.300000000000000711e+00,3.603673181474186249e-01,1.940433232937337493e-01,1.164144998470894166e+01,-3.369947891600429735e+00,1.980496632450928107e+00,5.903301345560524327e-02
6.350000000000000533e+00,3.607527349888196011e-01,1.949598251045579489e-01,1.164144998470894166e+01,-3.369947891600429735e+00,1.980496632450928107e+00,5.903301345560524327e-02
6.400000000000000355e+00,3.611365058523189342e-01,1.958698742314025076e-01,1.164144998470894166e+01,-3.369947891600429735e+00,1.980496632450928107e+00,5.903301345560524327e-02
6.450000000000000178e+00,3.615186204228709732e-01,1.967734333967394444e-01,1.164144998470894166e+01,-3.369947891600429735e+00,1.980496632450928107e+00,5.903301345560524327e-02
6.500000000000000000e+00,3.618990684330887775e-01,1.976704655882016159e-01,1.164144998470894166e+01,-3.369947891600429735e+00,1.980496632450928107e+00,5.903301345560524327e-02
6.550000000000000711e+00,3.622778396635508713e-01,1.985609340601406092e-01,1.164144998470894166e+01,-3.369947891600429735e+00,1.980496632450928107e+00,5.903301345560524327e-02
6.600000000000000533e+00,3.626549239431057781e-01,1.994448023351730326e-01,1.164144998470894166e+01,-3.369947891600429735e+00,1.980496632450928107e+00,5.903301345560524327e-02
6.650000000000000355e+00,3.630303111491766099e-01,2.003220342057163705e-01,1.164144998470894166e+01,-3.369947891600429735e+00,1.980496632450928107e+00,5.903301345560524327e-02
6.700000000000000178e+00,3.634039912080627155e-01,2.011925937355128202e-01,1.164144998470894166e+01,-3.369947891600429735e+00,1.980496632450928107e+00,5.903301345560524327e-02
6.750000000000000000e+00,3.637759540952407167e-01,2.020564452611416928e-01,1.164144998470894166e+01,-3.369947891600429735e+00,1.980496632450928107e+00,5.903301345560524327e-02
6.800000000000000711e+00,3.641461898356638804e-01,2.029135533935207958e-01,1.164144998470894166e+01,-3.369947891600429735e+00,1.980496632450928107e+00,5.903301345560524327e-02
6.850000000000000533e+00,3.645146885040597140e-01,2.037638830193959083e-01,1.164144998470894166e+01,-3.369947891600429735e+00,1.980496632450928107e+00,5.903301345560524327e-02
6.900000000000000355e+00,3.648814402252266720e-01,2.046073993028187099e-01,1.164144998470894166e+01,-3.369947891600429735e+00,1.980496632450928107e+00,5.903301345560524327e-02
6.950000000000000178e+00,3.652464351743286985e-01,2.054440676866131077e-01,1.164144998470894166e+01,-3.369947891600429735e+00,1.980496632450928107e+00,5.903301345560524327e-02
7.000000000000000000e+00,3.656096635771885484e-01,2.062738538938298227e-01,1.235209122662660874e+01,-1.170057087715272282e+00,2.294585993734080009e+00,1.853028154028269758e-01
7.050000000000000711e+00,3.659711157105798307e-01,2.070967239291890694e-01,1.235209122662660874e+01,-1.170057087715272282e+00,2.294585993734080009e+00,1.853028154028269758e-01
7.100000000000000533e+00,3.663307819025168888e-01,2.079126440805116327e-01,1.235209122662660874e+01,-1.170057087715272282e+00,2.294585993734080009e+00,1.853028154028269758e-01
7.150000000000000355e+00,3.666886525325437907e-01,2.087215809201376504e-01,1.235209122662660874e+01,-1.170057087715272282e+00,2.294585993734080009e+00,1.853028154028269758e-01
7.200000000000000178e+00,3.670447180320215441e-01,2.095235013063337925e-01,1.235209122662660874e+01,-1.170057087715272282e+00,2.294585993734080009e+00,1.853028154028269758e-01
7.250000000000000000e+00,3.673989688844132573e-01,2.103183723846882291e-01,1.235209122662660874e+01,-1.170057087715272282e+00,2.294585993734080009e+00,1.853028154028269758e-01
7.300000000000000711e+00,3.677513956255687444e-01,2.111061615894935517e-01,1.235209122662660874e+01,-1.170057087715272282e+00,2.294585993734080009e+00,1.853028154028269758e-01
7.350000000000000533e+00,3.681019888440065224e-01,2.118868366451173713e-01,1.235209122662660874e+01,-1.170057087715272282e+00,2.294585993734080009e+00,1.853028154028269758e-01
7.400000000000000355e+00,3.684507391811950860e-01,2.126603655673609816e-01,1.235209122662660874e+01,-1.170057087715272282e+00,2.294585993734080009e+00,1.853028154028269758e-01
7.450000000000000178e+00,3.687976373318316847e-01,2.134267166648056713e-01,1.235209122662660874e+01,-1.170057087715272282e+00,2.294585993734080009e+00,1.853028154028269758e-01
7.500000000000000000e+00,3.691426740441205445e-01,2.141858585401465453e-01,1.235209122662660874e+01,-1.170057087715272282e+00,2.294585993734080009e+00,1.853028154028269758e-01
7.550000000000000711e+00,3.694858401200485920e-01,2.149377600915142184e-01,1.235209122662660874e+01,-1.170057087715272282e+00,2.294585993734080009e+00,1.853028154028269758e-01
7.600000000000000533e+00,3.698271264156598459e-01,2.156823905137836839e-01,1.235209122662660874e+01,-1.170057087715272282e+00,2.294585993734080009e+00,1.853028154028269758e-01
7.650000000000000355e+00,3.701665238413285874e-01,2.164197192998714159e-01,1.235209122662660874e+01,-1.170057087715272282e+00,2.294585993734080009e+00,1.853028154028269758e-01
7.700000000000000178e+00,3.705040233620300327e-01,2.171497162420189808e-01,1.235209122662660874e+01,-1.170057087715272282e+00,2.294585993734080009e+00,1.853028154028269758e-01
7.750000000000000000e+00,3.708396159976104500e-01,2.178723514330648536e-01,1.235209122662660874e+01,-1.170057087715272282e+00,2.294585993734080009e+00,1.853028154028269758e-01
7.800000000000000711e+00,3.711732928230543904e-01,2.185875952677030498e-01,1.235209122662660874e+01,-1.170057087715272282e+00,2.294585993734080009e+00,1.853028154028269758e-01
7.850000000000000533e+00,3.715050449687516965e-01,2.192954184437294618e-01,1.235209122662660874e+01,-1.170057087715272282e+00,2.294585993734080009e+00,1.853028154028269758e-01
7.900000000000000355e+00,3.718348636207612912e-01,2.199957919632749836e-01,1.235209122662660874e+01,-1.170057087715272282e+00,2.294585993734080009e+00,1.853028154028269758e-01
7.950000000000000178e+00,3.721627400210745784e-01,2.206886871340263401e-01,1.235209122662660874e+01,-1.170057087715272282e+00,2.294585993734080009e+00,1.853028154028269758e-01
8.000000000000000000e+00,3.724886654678763453e-01,2.213740755704335095e-01,1.376078812833534215e+01,5.594916255211416223e-01,2.007389353067201121e+00,3.299741693382192143e-01
8.050000000000000711e+00,3.728126313158044436e-01,2.220519291949048513e-01,1.376078812833534215e+01,5.594916255211416223e-01,2.007389353067201121e+00,3.299741693382192143e-01
8.099999999999999645e+00,3.731346289762074719e-01,2.227222202389884664e-01,1.376078812833534215e+01,5.594916255211416223e-01,2.007389353067201121e+00,3.299741693382192143e-01
8.150000000000000355e+00,3.734546499174009604e-01,2.233849212445415677e-01,1.376078812833534215e+01,5.594916255211416223e-01,2.007389353067201121e+00,3.299741693382192143e-01
8.200000000000001066e+00,3.737726856649217777e-01,2.240400050648856944e-01,1.376078812833534215e+01,5.594916255211416223e-01,2.007389353067201121e+00,3.299741693382192143e-01
8.250000000000000000e+00,3.740887278017805961e-01,2.246874448659494927e-01,1.376078812833534215e+01,5.594916255211416223e-01,2.007389353067201121e+00,3.299741693382192143e-01
8.300000000000000711e+00,3.744027679687131349e-01,2.253272141273985341e-01,1.376078812833534215e+01,5.594916255211416223e-01,2.007389353067201121e+00,3.299741693382192143e-01
8.349999999999999645e+00,3.747147978644290167e-01,2.259592866437510061e-01,1.376078812833534215e+01,5.594916255211416223e-01,2.007389353067201121e+00,3.299741693382192143e-01
8.400000000000000355e+00,3.750248092458593474e-01,2.265836365254812468e-01,1.376078812833534215e+01,5.594916255211416223e-01,2.007389353067201121e+00,3.299741693382192143e-01
8.450000000000001066e+00,3.753327939284025749e-01,2.272002382001089837e-01,1.376078812833534215e+01,5.594916255211416223e-01,2.007389353067201121e+00,3.299741693382192143e-01
8.500000000000000000e+00,3.756387437861681278e-01,2.278090664132759180e-01,1.376078812833534215e+01,5.594916255211416223e-01,2.007389353067201121e+00,3.299741693382192143e-01
8.550000000000000711e+00,3.759426507522187766e-01,2.284100962298088733e-01,1.376078812833534215e+01,5.594916255211416223e-01,2.007389353067201121e+00,3.299741693382192143e-01
8.599999999999999645e+00,3.762445068188109421e-01,2.290033030347688736e-01,1.376078812833534215e+01,5.594916255211416223e-01,2.007389353067201121e+00,3.299741693382192143e-01
8.650000000000000355e+00,3.765443040376332817e-01,2.295886625344875642e-01,1.376078812833534215e+01,5.594916255211416223e-01,2.007389353067201121e+00,3.299741693382192143e-01
8.700000000000001066e+00,3.768420345200435007e-01,2.301661507575894494e-01,1.376078812833534215e+01,5.594916255211416223e-01,2.007389353067201121e+00,3.299741693382192143e-01
8.750000000000000000e+00,3.771376904373036631e-01,2.307357440560010298e-01,1.376078812833534215e+01,5.594916255211416223e-01,2.007389353067201121e+00,3.299741693382192143e-01
8.800000000000000711e+00,3.774312640208127290e-01,2.312974191059460338e-01,1.376078812833534215e+01,5.594916255211416223e-01,2.007389353067201121e+00,3.299741693382192143e-01
8.849999999999999645e+00,3.777227475623387010e-01,2.318511529089271050e-01,1.376078812833534215e+01,5.594916255211416223e-01,2.007389353067201121e+00,3.299741693382192143e-01
8.900000000000000355e+00,3.780121334142477196e-01,2.323969227926937775e-01,1.376078812833534215e+01,5.594916255211416223e-01,2.007389353067201121e+00,3.299741693382192143e-01
8.950000000000001066e+00,3.782994139897321029e-01,2.329347064121967403e-01,1.376078812833534215e+01,5.594916255211416223e-01,2.007389353067201121e+00,3.299741693382192143e-01
9.000000000000000000e+00,3.785845817630358878e-01,2.334644817505282244e-01,1.606311348496818781e+01,5.863534195383426351e-01,2.448072963873473284e+00,4.289870044397207649e-01
9.050000000000000711e+00,3.788676292696794290e-01,2.339862271198487609e-01,1.606311348496818781e+01,5.863534195383426351e-01,2.448072963873473284e+00,4.289870044397207649e-01
9.099999999999999645e+00,3.791485491066813873e-01,2.344999211622998958e-01,1.606311348496818781e+01,5.863534195383426351e-01,2.448072963873473284e+00,4.289870044397207649e-01
9.150000000000000355e+00,3.794273339327789984e-01,2.350055428509030819e-01,1.606311348496818781e+01,5.863534195383426351e-01,2.448072963873473284e+00,4.289870044397207649e-01
9.200000000000001066e+00,3.797039764686467311e-01,2.355030714904446376e-01,1.606311348496818781e+01,5.863534195383426351e-01,2.448072963873473284e+00,4.289870044397207649e-01
9.250000000000000000e+00,3.799784694971130028e-01,2.359924867183468555e-01,1.606311348496818781e+01,5.863534195383426351e-01,2.448072963873473284e+00,4.289870044397207649e-01
9.300000000000000711e+00,3.802508058633748966e-01,2.364737685055247618e-01,1.606311348496818781e+01,5.863534195383426351e-01,2.448072963873473284e+00,4.289870044397207649e-01
9.349999999999999645e+00,3.805209784752112134e-01,2.369468971572292748e-01,1.606311348496818781e+01,5.863534195383426351e-01,2.448072963873473284e+00,4.289870044397207649e-01
9.400000000000000355e+00,3.807889803031931364e-01,2.374118533138760145e-01,1.606311348496818781e+01,5.863534195383426351e-01,2.448072963873473284e+00,4.289870044397207649e-01
9.450000000000001066e+00,3.810548043808937857e-01,2.378686179518598731e-01,1.606311348496818781e+01,5.863534195383426351e-01,2.448072963873473284e+00,4.289870044397207649e-01
9.500000000000000000e+00,3.813184438050953307e-01,2.383171723843559575e-01,1.606311348496818781e+01,5.863534195383426351e-01,2.448072963873473284e+00,4.289870044397207649e-01
9.550000000000000711e+00,3.815798917359941589e-01,2.387574982621055997e-01,1.606311348496818781e+01,5.863534195383426351e-01,2.448072963873473284e+00,4.289870044397207649e-01
9.600000000000001421e+00,3.818391413974045467e-01,2.391895775741889607e-01,1.606311348496818781e+01,5.863534195383426351e-01,2.448072963873473284e+00,4.289870044397207649e-01
9.650000000000000355e+00,3.820961860769598872e-01,2.396133926487827859e-01,1.606311348496818781e+01,5.863534195383426351e-01,2.448072963873473284e+00,4.289870044397207649e-01
9.700000000000001066e+00,3.823510191263126967e-01,2.400289261539039487e-01,1.606311348496818781e+01,5.863534195383426351e-01,2.448072963873473284e+00,4.289870044397207649e-01
9.750000000000000000e+00,3.826036339613317905e-01,2.404361610981391728e-01,1.606311348496818781e+01,5.863534195383426351e-01,2.448072963873473284e+00,4.289870044397207649e-01
9.800000000000000711e+00,3.828540240622984592e-01,2.408350808313597102e-01,1.606311348496818781e+01,5.863534195383426351e-01,2.448072963873473284e+00,4.289870044397207649e-01
9.850000000000001421e+00,3.831021829740997586e-01,2.412256690454221975e-01,1.606311348496818781e+01,5.863534195383426351e-01,2.448072963873473284e+00,4.289870044397207649e-01
9.900000000000000355e+00,3.833481043064209115e-01,2.416079097748548843e-01,1.606311348496818781e+01,5.863534195383426351e-01,2.448072963873473284e+00,4.289870044397207649e-01
9.950000000000001066e+00,3.835917817339347113e-01,2.419817873975293465e-01,1.606311348496818781e+01,5.863534195383426351e-01,2.448072963873473284e+00,4.289870044397207649e-01
1.000000000000000000e+01,3.838332089964898164e-01,2.423472866353180433e-01,1.631441431351107596e+01,-7.908469098312220780e-01,2.104517322112472222e+00,5.162141397802271214e-01
1.005000000000000071e+01,3.840723798992963234e-01,2.427043925547369141e-01,1.631441431351107596e+01,-7.908469098312220780e-01,2.104517322112472222e+00,5.162141397802271214e-01
1.010000000000000142e+01,3.843092883131102866e-01,2.430530905675739595e-01,1.631441431351107596e+01,-7.908469098312220780e-01,2.104517322112472222e+00,5.162141397802271214e-01
1.015000000000000036e+01,3.845439281744151283e-01,2.433933664315030831e-01,1.631441431351107596e+01,-7.908469098312220780e-01,2.104517322112472222e+00,5.162141397802271214e-01
1.020000000000000107e+01,3.847762934856022721e-01,2.437252062506832240e-01,1.631441431351107596e+01,-7.908469098312220780e-01,2.104517322112472222e+00,5.162141397802271214e-01
1.025000000000000000e+01,3.850063783151487229e-01,2.440485964763429438e-01,1.631441431351107596e+01,-7.908469098312220780e-01,2.104517322112472222e+00,5.162141397802271214e-01
1.030000000000000071e+01,3.852341767977935927e-01,2.443635239073507770e-01,1.631441431351107596e+01,-7.908469098312220780e-01,2.104517322112472222e+00,5.162141397802271214e-01
1.035000000000000142e+01,3.854596831347115726e-01,2.446699756907703138e-01,1.631441431351107596e+01,-7.908469098312220780e-01,2.104517322112472222e+00,5.162141397802271214e-01
1.040000000000000036e+01,3.856828915936857394e-01,2.449679393224011847e-01,1.631441431351107596e+01,-7.908469098312220780e-01,2.104517322112472222e+00,5.162141397802271214e-01
1.045000000000000107e+01,3.859037965092768641e-01,2.452574026473048896e-01,1.631441431351107596e+01,-7.908469098312220780e-01,2.104517322112472222e+00,5.162141397802271214e-01
1.050000000000000000e+01,3.861223922829920552e-01,2.455383538603163329e-01,1.631441431351107596e+01,-7.908469098312220780e-01,2.104517322112472222e+00,5.162141397802271214e-01
1.055000000000000071e+01,3.863386733834504039e-01,2.458107815065405100e-01,1.631441431351107596e+01,-7.908469098312220780e-01,2.104517322112472222e+00,5.162141397802271214e-01
1.060000000000000142e+01,3.865526343465474080e-01,2.460746744818339826e-01,1.631441431351107596e+01,-7.908469098312220780e-01,2.104517322112472222e+00,5.162141397802271214e-01
1.065000000000000036e+01,3.867642697756165093e-01,2.463300220332723667e-01,1.631441431351107596e+01,-7.908469098312220780e-01,2.104517322112472222e+00,5.162141397802271214e-01
1.070000000000000107e+01,3.869735743415892992e-01,2.465768137596025533e-01,1.631441431351107596e+01,-7.908469098312220780e-01,2.104517322112472222e+00,5.162141397802271214e-01
1.075000000000000000e+01,3.871805427831532809e-01,2.468150396116800538e-01,1.631441431351107596e+01,-7.908469098312220780e-01,2.104517322112472222e+00,5.162141397802271214e-01
1.080000000000000071e+01,3.873851699069080223e-01,2.470446898928917168e-01,1.631441431351107596e+01,-7.908469098312220780e-01,2.104517322112472222e+00,5.162141397802271214e-01
1.085000000000000142e+01,3.875874505875187559e-01,2.472657552595637354e-01,1.631441431351107596e+01,-7.908469098312220780e-01,2.104517322112472222e+00,5.162141397802271214e-01
1.090000000000000036e+01,3.877873797678682566e-01,2.474782267213542220e-01,1.631441431351107596e+01,-7.908469098312220780e-01,2.104517322112472222e+00,5.162141397802271214e-01
1.095000000000000107e+01,3.879849524592063337e-01,2.476820956416317665e-01,1.631441431351107596e+01,-7.908469098312220780e-01,2.104517322112472222e+00,5.162141397802271214e-01
1.100000000000000000e+01,3.881801637412979344e-01,2.478773537378380631e-01,1.894641197374922470e+01,3.157229931055731242e+00,1.626940936410943950e+00,5.209854360339890578e-01
1.105000000000000071e+01,3.883730087625684169e-01,2.480639930818366312e-01,1.894641197374922470e+01,3.157229931055731242e+00,1.626940936410943950e+00,5.209854360339890578e-01
1.110000000000000142e+01,3.885634827402471014e-01,2.482420061002459655e-01,1.894641197374922470e+01,3.157229931055731242e+00,1.626940936410943950e+00,5.209854360339890578e-01
1.115000000000000036e+01,3.887515809605089356e-01,2.484113855747578092e-01,1.894641197374922470e+01,3.157229931055731242e+00,1.626940936410943950e+00,5.209854360339890578e-01
1.120000000000000107e+01,3.889372987786136049e-01,2.485721246424408837e-01,1.894641197374922470e+01,3.157229931055731242e+00,1.626940936410943950e+00,5.209854360339890578e-01
1.125000000000000000e+01,3.891206316190430337e-01,2.487242167960290462e-01,1.894641197374922470e+01,3.157229931055731242e+00,1.626940936410943950e+00,5.209854360339890578e-01
1.130000000000000071e+01,3.893015749756365551e-01,2.488676558841950714e-01,1.894641197374922470e+01,3.157229931055731242e+00,1.626940936410943950e+00,5.209854360339890578e-01
1.135000000000000142e+01,3.894801244117240269e-01,2.490024361118088891e-01,1.894641197374922470e+01,3.157229931055731242e+00,1.626940936410943950e+00,5.209854360339890578e-01
1.140000000000000036e+01,3.896562755602568373e-01,2.491285520401813336e-01,1.894641197374922470e+01,3.157229931055731242e+00,1.626940936410943950e+00,5.209854360339890578e-01
1.145000000000000107e+01,3.898300241239368025e-01,2.492459985872923778e-01,1.894641197374922470e+01,3.157229931055731242e+00,1.626940936410943950e+00,5.209854360339890578e-01
1.150000000000000000e+01,3.900013658753432311e-01,2.493547710280049345e-01,1.894641197374922470e+01,3.157229931055731242e+00,1.626940936410943950e+00,5.209854360339890578e-01
1.155000000000000071e+01,3.901702966570572695e-01,2.494548649942628649e-01,1.894641197374922470e+01,3.157229931055731242e+00,1.626940936410943950e+00,5.209854360339890578e-01
1.160000000000000142e+01,3.903368123817850255e-01,2.495462764752747753e-01,1.894641197374922470e+01,3.157229931055731242e+00,1.626940936410943950e+00,5.209854360339890578e-01
1.165000000000000036e+01,3.905009090324773613e-01,2.496290018176821057e-01,1.894641197374922470e+01,3.157229931055731242e+00,1.626940936410943950e+00,5.209854360339890578e-01
1.170000000000000107e+01,3.906625826624492981e-01,2.497030377257125899e-01,1.894641197374922470e+01,3.157229931055731242e+00,1.626940936410943950e+00,5.209854360339890578e-01
1.175000000000000000e+01,3.908218293954950906e-01,2.497683812613183119e-01,1.894641197374922470e+01,3.157229931055731242e+00,1.626940936410943950e+00,5.209854360339890578e-01
1.180000000000000071e+01,3.909786454260034128e-01,2.498250298442991069e-01,1.894641197374922470e+01,3.157229931055731242e+00,1.626940936410943950e+00,5.209854360339890578e-01
1.185000000000000142e+01,3.911330270190687686e-01,2.498729812524105309e-01,1.894641197374922470e+01,3.157229931055731242e+00,1.626940936410943950e+00,5.209854360339890578e-01
1.190000000000000036e+01,3.912849705106016818e-01,2.499122336214567586e-01,1.894641197374922470e+01,3.157229931055731242e+00,1.626940936410943950e+00,5.209854360339890578e-01
1.195000000000000107e+01,3.914344723074361654e-01,2.499427854453687980e-01,1.894641197374922470e+01,3.157229931055731242e+00,1.626940936410943950e+00,5.209854360339890578e-01
1.200000000000000000e+01,3.915815288874358036e-01,2.499646355762672467e-01,2.325298962907769607e+01,2.202288806588840409e+00,2.005250022788293673e+00,7.733926798022090487e-01
1.205000000000000071e+01,3.917261367995965582e-01,2.499777832245098086e-01,2.325298962907769607e+01,2.202288806588840409e+00,2.005250022788293673e+00,7.733926798022090487e-01
1.210000000000000142e+01,3.918682926641489095e-01,2.499822279587244622e-01,2.325298962907769607e+01,2.202288806588840409e+00,2.005250022788293673e+00,7.733926798022090487e-01
1.215000000000000036e+01,3.920079931726562217e-01,2.499779697058266414e-01,2.325298962907769607e+01,2.202288806588840409e+00,2.005250022788293673e+00,7.733926798022090487e-01
1.220000000000000107e+01,3.921452350881127202e-01,2.499650087510219554e-01,2.325298962907769607e+01,2.202288806588840409e+00,2.005250022788293673e+00,7.733926798022090487e-01
1.225000000000000000e+01,3.922800152450371947e-01,2.499433457377935042e-01,2.325298962907769607e+01,2.202288806588840409e+00,2.005250022788293673e+00,7.733926798022090487e-01
1.230000000000000071e+01,3.924123305495669789e-01,2.499129816678743732e-01,2.325298962907769607e+01,2.202288806588840409e+00,2.005250022788293673e+00,7.733926798022090487e-01
1.235000000000000142e+01,3.925421779795477129e-01,2.498739179012045841e-01,2.325298962907769607e+01,2.202288806588840409e+00,2.005250022788293673e+00,7.733926798022090487e-01
1.240000000000000036e+01,3.926695545846219937e-01,2.498261561558735577e-01,2.325298962907769607e+01,2.202288806588840409e+00,2.005250022788293673e+00,7.733926798022090487e-01
1.245000000000000107e+01,3.927944574863156402e-01,2.497696985080469501e-01,2.325298962907769607e+01,2.202288806588840409e+00,2.005250022788293673e+00,7.733926798022090487e-01
1.250000000000000000e+01,3.929168838781217366e-01,2.497045473918787784e-01,2.325298962907769607e+01,2.202288806588840409e+00,2.005250022788293673e+00,7.733926798022090487e-01
1.255000000000000071e+01,3.930368310255827335e-01,2.496307055994082535e-01,2.325298962907769607e+01,2.202288806588840409e+00,2.005250022788293673e+00,7.733926798022090487e-01
1.260000000000000142e+01,3.931542962663699403e-01,2.495481762804416526e-01,2.325298962907769607e+01,2.202288806588840409e+00,2.005250022788293673e+00,7.733926798022090487e-01
1.265000000000000036e+01,3.932692770103612956e-01,2.494569629424191193e-01,2.325298962907769607e+01,2.202288806588840409e+00,2.005250022788293673e+00,7.733926798022090487e-01
1.270000000000000107e+01,3.933817707397165298e-01,2.493570694502662832e-01,2.325298962907769607e+01,2.202288806588840409e+00,2.005250022788293673e+00,7.733926798022090487e-01
1.275000000000000000e+01,3.934917750089507171e-01,2.492485000262309736e-01,2.325298962907769607e+01,2.202288806588840409e+00,2.005250022788293673e+00,7.733926798022090487e-01
1.280000000000000071e+01,3.935992874450050527e-01,2.491312592497048339e-01,2.325298962907769607e+01,2.202288806588840409e+00,2.005250022788293673e+00,7.733926798022090487e-01
1.285000000000000142e+01,3.937043057473160190e-01,2.490053520570298384e-01,2.325298962907769607e+01,2.202288806588840409e+00,2.005250022788293673e+00,7.733926798022090487e-01
1.290000000000000036e+01,3.938068276878814444e-01,2.488707837412897916e-01,2.325298962907769607e+01,2.202288806588840409e+00,2.005250022788293673e+00,7.733926798022090487e-01
1.295000000000000107e+01,3.939068511113258397e-01,2.487275599520869795e-01,2.325298962907769607e+01,2.202288806588840409e+00,2.005250022788293673e+00,7.733926798022090487e-01
1.300000000000000000e+01,3.940043739349620155e-01,2.485756866953034994e-01,2.291762950753778583e+01,5.655278713971102711e+00,2.151060956928261270e+00,8.662806198473020913e-01
1.305000000000000071e+01,3.940993941488515340e-01,2.484151703328477123e-01,2.291762950753778583e+01,5.655278713971102711e+00,2.151060956928261270e+00,8.662806198473020913e-01
1.310000000000000142e+01,3.941919098158624957e-01,2.482460175823859860e-01,2.291762950753778583e+01,5.655278713971102711e+00,2.151060956928261270e+00,8.662806198473020913e-01
1.315000000000000036e+01,3.942819190717253841e-01,2.480682355170588937e-01,2.291762950753778583e+01,5.655278713971102711e+00,2.151060956928261270e+00,8.662806198473020913e-01
1.320000000000000107e+01,3.943694201250864673e-01,2.478818315651828696e-01,2.291762950753778583e+01,5.655278713971102711e+00,2.151060956928261270e+00,8.662806198473020913e-01
1.325000000000000000e+01,3.944544112575592010e-01,2.476868135099369317e-01,2.291762950753778583e+01,5.655278713971102711e+00,2.151060956928261270e+00,8.662806198473020913e-01
1.330000000000000071e+01,3.945368908237734118e-01,2.474831894890340001e-01,2.291762950753778583e+01,5.655278713971102711e+00,2.151060956928261270e+00,8.662806198473020913e-01
1.335000000000000142e+01,3.946168572514222039e-01,2.472709679943778660e-01,2.291762950753778583e+01,5.655278713971102711e+00,2.151060956928261270e+00,8.662806198473020913e-01
1.340000000000000036e+01,3.946943090413065902e-01,2.470501578717049229e-01,2.291762950753778583e+01,5.655278713971102711e+00,2.151060956928261270e+00,8.662806198473020913e-01
1.345000000000000107e+01,3.947692447673781246e-01,2.468207683202108260e-01,2.291762950753778583e+01,5.655278713971102711e+00,2.151060956928261270e+00,8.662806198473020913e-01
1.350000000000000000e+01,3.948416630767792590e-01,2.465828088921628580e-01,2.291762950753778583e+01,5.655278713971102711e+00,2.151060956928261270e+00,8.662806198473020913e-01
1.355000000000000071e+01,3.949115626898814790e-01,2.463362894924967517e-01,2.291762950753778583e+01,5.655278713971102711e+00,2.151060956928261270e+00,8.662806198473020913e-01
1.360000000000000142e+01,3.949789424003209981e-01,2.460812203783989960e-01,2.291762950753778583e+01,5.655278713971102711e+00,2.151060956928261270e+00,8.662806198473020913e-01
1.365000000000000036e+01,3.950438010750328410e-01,2.458176121588744878e-01,2.291762950753778583e+01,5.655278713971102711e+00,2.151060956928261270e+00,8.662806198473020913e-01
1.370000000000000107e+01,3.951061376542820969e-01,2.455454757942988897e-01,2.291762950753778583e+01,5.655278713971102711e+00,2.151060956928261270e+00,8.662806198473020913e-01
1.375000000000000000e+01,3.951659511516931178e-01,2.452648225959566108e-01,2.291762950753778583e+01,5.655278713971102711e+00,2.151060956928261270e+00,8.662806198473020913e-01
1.380000000000000071e+01,3.952232406542769416e-01,2.449756642255638550e-01,2.291762950753778583e+01,5.655278713971102711e+00,2.151060956928261270e+00,8.662806198473020913e-01
1.385000000000000142e+01,3.952780053224559942e-01,2.446780126947767087e-01,2.291762950753778583e+01,5.655278713971102711e+00,2.151060956928261270e+00,8.662806198473020913e-01
1.390000000000000036e+01,3.953302443900864049e-01,2.443718803646849347e-01,2.291762950753778583e+01,5.655278713971102711e+00,2.151060956928261270e+00,8.662806198473020913e-01
1.395000000000000107e+01,3.953799571644792121e-01,2.440572799452907782e-01,2.291762950753778583e+01,5.655278713971102711e+00,2.151060956928261270e+00,8.662806198473020913e-01
1.400000000000000000e+01,3.954271430264178488e-01,2.437342244949728953e-01,2.577808720160393463e+01,7.432756932998390909e+00,1.983890044100515837e+00,1.017900713555490722e+00
1.405000000000000071e+01,3.954718014301746853e-01,2.434027274199360158e-01,2.577808720160393463e+01,7.432756932998390909e+00,1.983890044100515837e+00,1.017900713555490722e+00
1.410000000000000142e+01,3.955139319035244072e-01,2.430628024736457282e-01,2.577808720160393463e+01,7.432756932998390909e+00,1.983890044100515837e+00,1.017900713555490722e+00
1.415000000000000036e+01,3.955535340477561723e-01,2.427144637562485829e-01,2.577808720160393463e+01,7.432756932998390909e+00,1.983890044100515837e+00,1.017900713555490722e+00
1.420000000000000107e+01,3.955906075376823261e-01,2.423577257139778729e-01,2.577808720160393463e+01,7.432756932998390909e+00,1.983890044100515837e+00,1.017900713555490722e+00
1.425000000000000000e+01,3.956251521216459510e-01,2.419926031385443987e-01,2.577808720160393463e+01,7.432756932998390909e+00,1.983890044100515837e+00,1.017900713555490722e+00
1.430000000000000071e+01,3.956571676215260847e-01,2.416191111665131896e-01,2.577808720160393463e+01,7.432756932998390909e+00,1.983890044100515837e+00,1.017900713555490722e+00
1.435000000000000142e+01,3.956866539327397181e-01,2.412372652786652916e-01,2.577808720160393463e+01,7.432756932998390909e+00,1.983890044100515837e+00,1.017900713555490722e+00
1.440000000000000036e+01,3.957136110242427951e-01,2.408470812993453170e-01,2.577808720160393463e+01,7.432756932998390909e+00,1.983890044100515837e+00,1.017900713555490722e+00
1.445000000000000107e+01,3.957380389385286579e-01,2.404485753957943117e-01,2.577808720160393463e+01,7.432756932998390909e+00,1.983890044100515837e+00,1.017900713555490722e+00
1.450000000000000000e+01,3.957599377916237726e-01,2.400417640774684114e-01,2.577808720160393463e+01,7.432756932998390909e+00,1.983890044100515837e+00,1.017900713555490722e+00
1.455000000000000071e+01,3.957793077730817899e-01,2.396266641953429810e-01,2.577808720160393463e+01,7.432756932998390909e+00,1.983890044100515837e+00,1.017900713555490722e+00
1.460000000000000142e+01,3.957961491459749959e-01,2.392032929412022946e-01,2.577808720160393463e+01,7.432756932998390909e+00,1.983890044100515837e+00,1.017900713555490722e+00
1.465000000000000036e+01,3.958104622468842093e-01,2.387716678469150033e-01,2.577808720160393463e+01,7.432756932998390909e+00,1.983890044100515837e+00,1.017900713555490722e+00
1.470000000000000107e+01,3.958222474858854589e-01,2.383318067836950882e-01,2.577808720160393463e+01,7.432756932998390909e+00,1.983890044100515837e+00,1.017900713555490722e+00
1.475000000000000000e+01,3.958315053465354394e-01,2.378837279613488787e-01,2.577808720160393463e+01,7.432756932998390909e+00,1.983890044100515837e+00,1.017900713555490722e+00
1.480000000000000071e+01,3.958382363858539144e-01,2.374274499275073058e-01,2.577808720160393463e+01,7.432756932998390909e+00,1.983890044100515837e+00,1.017900713555490722e+00
1.485000000000000142e+01,3.958424412343047871e-01,2.369629915668445275e-01,2.577808720160393463e+01,7.432756932998390909e+00,1.983890044100515837e+00,1.017900713555490722e+00
1.490000000000000036e+01,3.958441205957740072e-01,2.364903721002817871e-01,2.577808720160393463e+01,7.432756932998390909e+00,1.983890044100515837e+00,1.017900713555490722e+00
1.495000000000000107e+01,3.958432752475459226e-01,2.360096110841774786e-01,2.577808720160393463e+01,7.432756932998390909e+00,1.983890044100515837e+00,1.017900713555490722e+00
1.500000000000000000e+01,3.958399060402774117e-01,2.355207284095028331e-01,2.532443682177112976e+01,7.929951570563630092e+00,2.167897119382278692e+00,1.228750828334590262e+00
1.505000000000000071e+01,3.958340138979691281e-01,2.350237443010040339e-01,2.532443682177112976e+01,7.929951570563630092e+00,2.167897119382278692e+00,1.228750828334590262e+00
1.510000000000000142e+01,3.958255998179357471e-01,2.345186793163493988e-01,2.532443682177112976e+01,7.929951570563630092e+00,2.167897119382278692e+00,1.228750828334590262e+00
1.515000000000000036e+01,3.958146648707726589e-01,2.340055543452634335e-01,2.532443682177112976e+01,7.929951570563630092e+00,2.167897119382278692e+00,1.228750828334590262e+00
1.520000000000000107e+01,3.958012102003213850e-01,2.334843906086463694e-01,2.532443682177112976e+01,7.929951570563630092e+00,2.167897119382278692e+00,1.228750828334590262e+00
1.525000000000000000e+01,3.957852370236323303e-01,2.329552096576799625e-01,2.532443682177112976e+01,7.929951570563630092e+00,2.167897119382278692e+00,1.228750828334590262e+00
1.530000000000000071e+01,3.957667466309257032e-01,2.324180333729191916e-01,2.532443682177112976e+01,7.929951570563630092e+00,2.167897119382278692e+00,1.228750828334590262e+00
1.535000000000000142e+01,3.957457403855497158e-01,2.318728839633703853e-01,2.532443682177112976e+01,7.929951570563630092e+00,2.167897119382278692e+00,1.228750828334590262e+00
1.540000000000000036e+01,3.957222197239373962e-01,2.313197839655552757e-01,2.532443682177112976e+01,7.929951570563630092e+00,2.167897119382278692e+00,1.228750828334590262e+00
1.545000000000000107e+01,3.956961861555599591e-01,2.307587562425614247e-01,2.532443682177112976e+01,7.929951570563630092e+00,2.167897119382278692e+00,1.228750828334590262e+00
1.550000000000000000e+01,3.956676412628792883e-01,2.301898239830785509e-01,2.532443682177112976e+01,7.929951570563630092e+00,2.167897119382278692e+00,1.228750828334590262e+00
1.555000000000000071e+01,3.956365867012974213e-01,2.296130107004219212e-01,2.532443682177112976e+01,7.929951570563630092e+00,2.167897119382278692e+00,1.228750828334590262e+00
1.560000000000000142e+01,3.956030241991038698e-01,2.290283402315410055e-01,2.532443682177112976e+01,7.929951570563630092e+00,2.167897119382278692e+00,1.228750828334590262e+00
1.565000000000000036e+01,3.955669555574214402e-01,2.284358367360155573e-01,2.532443682177112976e+01,7.929951570563630092e+00,2.167897119382278692e+00,1.228750828334590262e+00
1.570000000000000107e+01,3.955283826501486688e-01,2.278355246950372059e-01,2.532443682177112976e+01,7.929951570563630092e+00,2.167897119382278692e+00,1.228750828334590262e+00
1.575000000000000000e+01,3.954873074239014241e-01,2.272274289103782818e-01,2.532443682177112976e+01,7.929951570563630092e+00,2.167897119382278692e+00,1.228750828334590262e+00
1.580000000000000071e+01,3.954437318979509564e-01,2.266115745033464024e-01,2.532443682177112976e+01,7.929951570563630092e+00,2.167897119382278692e+00,1.228750828334590262e+00
1.585000000000000142e+01,3.953976581641609478e-01,2.259879869137265129e-01,2.532443682177112976e+01,7.929951570563630092e+00,2.167897119382278692e+00,1.228750828334590262e+00
1.590000000000000036e+01,3.953490883869216210e-01,2.253566918987084389e-01,2.532443682177112976e+01,7.929951570563630092e+00,2.167897119382278692e+00,1.228750828334590262e+00
1.595000000000000107e+01,3.952980248030821819e-01,2.247177155318020314e-01,2.532443682177112976e+01,7.929951570563630092e+00,2.167897119382278692e+00,1.228750828334590262e+00
1.600000000000000000e+01,3.952444697218802094e-01,2.240710842017383797e-01,2.461621714485725221e+01,1.050161153113222845e+01,1.692964364773984265e+00,1.285976696324932389e+00
1.605000000000000071e+01,3.951884255248701017e-01,2.234168246113580336e-01,2.461621714485725221e+01,1.050161153113222845e+01,1.692964364773984265e+00,1.285976696324932389e+00
1.610000000000000142e+01,3.951298946658485245e-01,2.227549637764859314e-01,2.461621714485725221e+01,1.050161153113222845e+01,1.692964364773984265e+00,1.285976696324932389e+00
1.615000000000000213e+01,3.950688796707775841e-01,2.220855290247933378e-01,2.461621714485725221e+01,1.050161153113222845e+01,1.692964364773984265e+00,1.285976696324932389e+00
1.619999999999999929e+01,3.950053831377063340e-01,2.214085479946460711e-01,2.461621714485725221e+01,1.050161153113222845e+01,1.692964364773984265e+00,1.285976696324932389e+00
1.625000000000000000e+01,3.949394077366898959e-01,2.207240486339403229e-01,2.461621714485725221e+01,1.050161153113222845e+01,1.692964364773984265e+00,1.285976696324932389e+00
1.630000000000000071e+01,3.948709562097064696e-01,2.200320591989253782e-01,2.461621714485725221e+01,1.050161153113222845e+01,1.692964364773984265e+00,1.285976696324932389e+00
1.635000000000000142e+01,3.948000313705717357e-01,2.193326082530125676e-01,2.461621714485725221e+01,1.050161153113222845e+01,1.692964364773984265e+00,1.285976696324932389e+00
1.640000000000000213e+01,3.947266361048518135e-01,2.186257246655723963e-01,2.461621714485725221e+01,1.050161153113222845e+01,1.692964364773984265e+00,1.285976696324932389e+00
1.644999999999999929e+01,3.946507733697736664e-01,2.179114376107182949e-01,2.461621714485725221e+01,1.050161153113222845e+01,1.692964364773984265e+00,1.285976696324932389e+00
1.650000000000000000e+01,3.945724461941332306e-01,2.171897765660769086e-01,2.461621714485725221e+01,1.050161153113222845e+01,1.692964364773984265e+00,1.285976696324932389e+00
1.655000000000000071e+01,3.944916576782017126e-01,2.164607713115468679e-01,2.461621714485725221e+01,1.050161153113222845e+01,1.692964364773984265e+00,1.285976696324932389e+00
1.660000000000000142e+01,3.944084109936295546e-01,2.157244519280439032e-01,2.461621714485725221e+01,1.050161153113222845e+01,1.692964364773984265e+00,1.285976696324932389e+00
1.665000000000000213e+01,3.943227093833479024e-01,2.149808487962337478e-01,2.461621714485725221e+01,1.050161153113222845e+01,1.692964364773984265e+00,1.285976696324932389e+00
1.669999999999999929e+01,3.942345561614689076e-01,2.142299925952519946e-01,2.461621714485725221e+01,1.050161153113222845e+01,1.692964364773984265e+00,1.285976696324932389e+00
1.675000000000000000e+01,3.941439547131828092e-01,2.134719143014116582e-01,2.461621714485725221e+01,1.050161153113222845e+01,1.692964364773984265e+00,1.285976696324932389e+00
1.680000000000000071e+01,3.940509084946535179e-01,2.127066451868985797e-01,2.461621714485725221e+01,1.050161153113222845e+01,1.692964364773984265e+00,1.285976696324932389e+00
1.685000000000000142e+01,3.939554210329117567e-01,2.119342168184535913e-01,2.461621714485725221e+01,1.050161153113222845e+01,1.692964364773984265e+00,1.285976696324932389e+00
1.690000000000000213e+01,3.938574959257463703e-01,2.111546610560428860e-01,2.461621714485725221e+01,1.050161153113222845e+01,1.692964364773984265e+00,1.285976696324932389e+00
1.694999999999999929e+01,3.937571368415930806e-01,2.103680100515160079e-01,2.461621714485725221e+01,1.050161153113222845e+01,1.692964364773984265e+00,1.285976696324932389e+00
1.700000000000000000e+01,3.936543475194215769e-01,2.095742962472509074e-01,2.765550337547024995e+01,1.398619471339354980e+01,1.596718802947224347e+00,1.326967693751345267e+00
1.705000000000000071e+01,3.935491317686200530e-01,2.087735523747879240e-01,2.765550337547024995e+01,1.398619471339354980e+01,1.596718802947224347e+00,1.326967693751345267e+00
1.710000000000000142e+01,3.934414934688780785e-01,2.079658114534505275e-01,2.765550337547024995e+01,1.398619471339354980e+01,1.596718802947224347e+00,1.326967693751345267e+00
1.715000000000000213e+01,3.933314365700669168e-01,2.071511067889545143e-01,2.765550337547024995e+01,1.398619471339354980e+01,1.596718802947224347e+00,1.326967693751345267e+00
1.719999999999999929e+01,3.932189650921178448e-01,2.063294719720049630e-01,2.765550337547024995e+01,1.398619471339354980e+01,1.596718802947224347e+00,1.326967693751345267e+00
1.725000000000000000e+01,3.931040831248987510e-01,2.055009408768809775e-01,2.765550337547024995e+01,1.398619471339354980e+01,1.596718802947224347e+00,1.326967693751345267e+00
1.730000000000000071e+01,3.929867948280879597e-01,2.046655476600095225e-01,2.765550337547024995e+01,1.398619471339354980e+01,1.596718802947224347e+00,1.326967693751345267e+00
1.735000000000000142e+01,3.928671044310464988e-01,2.038233267585257136e-01,2.765550337547024995e+01,1.398619471339354980e+01,1.596718802947224347e+00,1.326967693751345267e+00
1.740000000000000213e+01,3.927450162326880378e-01,2.029743128888226444e-01,2.765550337547024995e+01,1.398619471339354980e+01,1.596718802947224347e+00,1.326967693751345267e+00
1.744999999999999929e+01,3.926205346013468822e-01,2.021185410450892783e-01,2.765550337547024995e+01,1.398619471339354980e+01,1.596718802947224347e+00,1.326967693751345267e+00
1.750000000000000000e+01,3.924936639746435252e-01,2.012560464978356278e-01,2.765550337547024995e+01,1.398619471339354980e+01,1.596718802947224347e+00,1.326967693751345267e+00
1.755000000000000071e+01,3.923644088593484791e-01,2.003868647924076929e-01,2.765550337547024995e+01,1.398619471339354980e+01,1.596718802947224347e+00,1.326967693751345267e+00
1.760000000000000142e+01,3.922327738312438861e-01,1.995110317474902140e-01,2.765550337547024995e+01,1.398619471339354980e+01,1.596718802947224347e+00,1.326967693751345267e+00
1.765000000000000213e+01,3.920987635349831857e-01,1.986285834535974626e-01,2.765550337547024995e+01,1.398619471339354980e+01,1.596718802947224347e+00,1.326967693751345267e+00
1.769999999999999929e+01,3.919623826839483405e-01,1.977395562715534572e-01,2.765550337547024995e+01,1.398619471339354980e+01,1.596718802947224347e+00,1.326967693751345267e+00
1.775000000000000000e+01,3.918236360601053958e-01,1.968439868309601049e-01,2.765550337547024995e+01,1.398619471339354980e+01,1.596718802947224347e+00,1.326967693751345267e+00
1.780000000000000071e+01,3.916825285138578194e-01,1.959419120286546301e-01,2.765550337547024995e+01,1.398619471339354980e+01,1.596718802947224347e+00,1.326967693751345267e+00
1.785000000000000142e+01,3.915390649638977316e-01,1.950333690271551235e-01,2.765550337547024995e+01,1.398619471339354980e+01,1.596718802947224347e+00,1.326967693751345267e+00
1.790000000000000213e+01,3.913932503970551369e-01,1.941183952530955714e-01,2.765550337547024995e+01,1.398619471339354980e+01,1.596718802947224347e+00,1.326967693751345267e+00
1.794999999999999929e+01,3.912450898681450462e-01,1.931970283956492285e-01,2.765550337547024995e+01,1.398619471339354980e+01,1.596718802947224347e+00,1.326967693751345267e+00
1.800000000000000000e+01,3.910945884998127120e-01,1.922693064049410261e-01,2.344192827030607518e+01,1.429903968109376322e+01,1.813015850080667679e+00,1.519724159534533658e+00
1.805000000000000071e+01,3.909417514823765871e-01,1.913352674904494066e-01,2.344192827030607518e+01,1.429903968109376322e+01,1.813015850080667679e+00,1.519724159534533658e+00
1.810000000000000142e+01,3.907865840736693963e-01,1.903949501193970550e-01,2.344192827030607518e+01,1.429903968109376322e+01,1.813015850080667679e+00,1.519724159534533658e+00
1.815000000000000213e+01,3.906290915988771539e-01,1.894483930151303341e-01,2.344192827030607518e+01,1.429903968109376322e+01,1.813015850080667679e+00,1.519724159534533658e+00
1.819999999999999929e+01,3.904692794503762387e-01,1.884956351554885334e-01,2.344192827030607518e+01,1.429903968109376322e+01,1.813015850080667679e+00,1.519724159534533658e+00
1.825000000000000000e+01,3.903071530875680817e-01,1.875367157711621546e-01,2.344192827030607518e+01,1.429903968109376322e+01,1.813015850080667679e+00,1.519724159534533658e+00
1.830000000000000071e+01,3.901427180367126324e-01,1.865716743440407333e-01,2.344192827030607518e+01,1.429903968109376322e+01,1.813015850080667679e+00,1.519724159534533658e+00
1.835000000000000142e+01,3.899759798907584951e-01,1.856005506055496412e-01,2.344192827030607518e+01,1.429903968109376322e+01,1.813015850080667679e+00,1.519724159534533658e+00
1.840000000000000213e+01,3.898069443091725650e-01,1.846233845349771474e-01,2.344192827030607518e+01,1.429903968109376322e+01,1.813015850080667679e+00,1.519724159534533658e+00
1.844999999999999929e+01,3.896356170177666667e-01,1.836402163577903757e-01,2.344192827030607518e+01,1.429903968109376322e+01,1.813015850080667679e+00,1.519724159534533658e+00
1.850000000000000000e+01,3.894620038085223612e-01,1.826510865439407161e-01,2.344192827030607518e+01,1.429903968109376322e+01,1.813015850080667679e+00,1.519724159534533658e+00
1.855000000000000071e+01,3.892861105394140320e-01,1.816560358061604930e-01,2.344192827030607518e+01,1.429903968109376322e+01,1.813015850080667679e+00,1.519724159534533658e+00
1.860000000000000142e+01,3.891079431342298056e-01,1.806551050982471429e-01,2.344192827030607518e+01,1.429903968109376322e+01,1.813015850080667679e+00,1.519724159534533658e+00
1.865000000000000213e+01,3.889275075823905303e-01,1.796483356133391218e-01,2.344192827030607518e+01,1.429903968109376322e+01,1.813015850080667679e+00,1.519724159534533658e+00
1.869999999999999929e+01,3.887448099387665890e-01,1.786357687821810425e-01,2.344192827030607518e+01,1.429903968109376322e+01,1.813015850080667679e+00,1.519724159534533658e+00
1.875000000000000000e+01,3.885598563234931024e-01,1.776174462713782654e-01,2.344192827030607518e+01,1.429903968109376322e+01,1.813015850080667679e+00,1.519724159534533658e+00
1.880000000000000071e+01,3.883726529217829126e-01,1.765934099816426073e-01,2.344192827030607518e+01,1.429903968109376322e+01,1.813015850080667679e+00,1.519724159534533658e+00
1.885000000000000142e+01,3.881832059837377336e-01,1.755637020460279751e-01,2.344192827030607518e+01,1.429903968109376322e+01,1.813015850080667679e+00,1.519724159534533658e+00
1.890000000000000213e+01,3.879915218241571928e-01,1.745283648281552580e-01,2.344192827030607518e+01,1.429903968109376322e+01,1.813015850080667679e+00,1.519724159534533658e+00
1.894999999999999929e+01,3.877976068223459305e-01,1.734874409204288648e-01,2.344192827030607518e+01,1.429903968109376322e+01,1.813015850080667679e+00,1.519724159534533658e+00
1.900000000000000000e+01,3.876014674219191436e-01,1.724409731422424374e-01,2.732929662638635548e+01,1.227891149284625882e+01,1.299501067337396787e+00,1.684748534132097353e+00
1.905000000000000071e+01,3.874031101306057434e-01,1.713890045381764038e-01,2.732929662638635548e+01,1.227891149284625882e+01,1.299501067337396787e+00,1.684748534132097353e+00
1.910000000000000142e+01,3.872025415200495146e-01,1.703315783761846225e-01,2.732929662638635548e+01,1.227891149284625882e+01,1.299501067337396787e+00,1.684748534132097353e+00
1.915000000000000213e+01,3.869997682256089422e-01,1.692687381457723683e-01,2.732929662638635548e+01,1.227891149284625882e+01,1.299501067337396787e+00,1.684748534132097353e+00
1.920000000000000284e+01,3.867947969461544844e-01,1.682005275561653246e-01,2.732929662638635548e+01,1.227891149284625882e+01,1.299501067337396787e+00,1.684748534132097353e+00
1.925000000000000000e+01,3.865876344438645695e-01,1.671269905344684170e-01,2.732929662638635548e+01,1.227891149284625882e+01,1.299501067337396787e+00,1.684748534132097353e+00
1.930000000000000071e+01,3.863782875440186504e-01,1.660481712238160434e-01,2.732929662638635548e+01,1.227891149284625882e+01,1.299501067337396787e+00,1.684748534132097353e+00
1.935000000000000142e+01,3.861667631347898144e-01,1.649641139815138102e-01,2.732929662638635548e+01,1.227891149284625882e+01,1.299501067337396787e+00,1.684748534132097353e+00
1.940000000000000213e+01,3.859530681670341190e-01,1.638748633771697771e-01,2.732929662638635548e+01,1.227891149284625882e+01,1.299501067337396787e+00,1.684748534132097353e+00
1.945000000000000284e+01,3.857372096540788720e-01,1.627804641908180971e-01,2.732929662638635548e+01,1.227891149284625882e+01,1.299501067337396787e+00,1.684748534132097353e+00
1.950000000000000000e+01,3.855191946715089690e-01,1.616809614110335802e-01,2.732929662638635548e+01,1.227891149284625882e+01,1.299501067337396787e+00,1.684748534132097353e+00
1.955000000000000071e+01,3.852990303569506225e-01,1.605764002330364870e-01,2.732929662638635548e+01,1.227891149284625882e+01,1.299501067337396787e+00,1.684748534132097353e+00
1.960000000000000142e+01,3.850767239098545902e-01,1.594668260567900231e-01,2.732929662638635548e+01,1.227891149284625882e+01,1.299501067337396787e+00,1.684748534132097353e+00
1.965000000000000213e+01,3.848522825912760736e-01,1.583522844850887012e-01,2.732929662638635548e+01,1.227891149284625882e+01,1.299501067337396787e+00,1.684748534132097353e+00
1.970000000000000284e+01,3.846257137236537282e-01,1.572328213216376835e-01,2.732929662638635548e+01,1.227891149284625882e+01,1.299501067337396787e+00,1.684748534132097353e+00
1.975000000000000000e+01,3.843970246905864530e-01,1.561084825691242683e-01,2.732929662638635548e+01,1.227891149284625882e+01,1.299501067337396787e+00,1.684748534132097353e+00
1.980000000000000071e+01,3.841662229366083481e-01,1.549793144272806344e-01,2.732929662638635548e+01,1.227891149284625882e+01,1.299501067337396787e+00,1.684748534132097353e+00
1.985000000000000142e+01,3.839333159669622297e-01,1.538453632909391744e-01,2.732929662638635548e+01,1.227891149284625882e+01,1.299501067337396787e+00,1.684748534132097353e+00
1.990000000000000213e+01,3.836983113473705354e-01,1.527066757480780579e-01,2.732929662638635548e+01,1.227891149284625882e+01,1.299501067337396787e+00,1.684748534132097353e+00
1.995000000000000284e+01,3.834612167038051189e-01,1.515632985778601893e-01,2.732929662638635548e+01,1.227891149284625882e+01,1.299501067337396787e+00,1.684748534132097353e+00
2.000000000000000000e+01,3.832220397222549924e-01,1.504152787486635612e-01,2.646164110045354789e+01,1.622199143915126029e+01,1.600936700674612023e+00,1.852461630571686335e+00
2.005000000000000071e+01,3.829807881484921239e-01,1.492626634161030030e-01,2.646164110045354789e+01,1.622199143915126029e+01,1.600936700674612023e+00,1.852461630571686335e+00
2.010000000000000142e+01,3.827374697878358489e-01,1.481054999210453527e-01,2.646164110045354789e+01,1.622199143915126029e+01,1.600936700674612023e+00,1.852461630571686335e+00
2.015000000000000213e+01,3.824920925049148379e-01,1.469438357876160506e-01,2.646164110045354789e+01,1.622199143915126029e+01,1.600936700674612023e+00,1.852461630571686335e+00
2.020000000000000284e+01,3.822446642234277325e-01,1.457777187211978520e-01,2.646164110045354789e+01,1.622199143915126029e+01,1.600936700674612023e+00,1.852461630571686335e+00
2.025000000000000000e+01,3.819951929259022272e-01,1.446071966064225722e-01,2.646164110045354789e+01,1.622199143915126029e+01,1.600936700674612023e+00,1.852461630571686335e+00
2.030000000000000071e+01,3.817436866534517081e-01,1.434323175051547827e-01,2.646164110045354789e+01,1.622199143915126029e+01,1.600936700674612023e+00,1.852461630571686335e+00
2.035000000000000142e+01,3.814901535055306159e-01,1.422531296544683466e-01,2.646164110045354789e+01,1.622199143915126029e+01,1.600936700674612023e+00,1.852461630571686335e+00
2.040000000000000213e+01,3.812346016396879755e-01,1.410696814646153763e-01,2.646164110045354789e+01,1.622199143915126029e+01,1.600936700674612023e+00,1.852461630571686335e+00
2.045000000000000284e+01,3.809770392713192622e-01,1.398820215169884196e-01,2.646164110045354789e+01,1.622199143915126029e+01,1.600936700674612023e+00,1.852461630571686335e+00
2.050000000000000000e+01,3.807174746734159898e-01,1.386901985620746236e-01,2.646164110045354789e+01,1.622199143915126029e+01,1.600936700674612023e+00,1.852461630571686335e+00
2.055000000000000071e+01,3.804559161763144126e-01,1.374942615174033211e-01,2.646164110045354789e+01,1.622199143915126029e+01,1.600936700674612023e+00,1.852461630571686335e+00
2.060000000000000142e+01,3.801923721674418388e-01,1.362942594654868167e-01,2.646164110045354789e+01,1.622199143915126029e+01,1.600936700674612023e+00,1.852461630571686335e+00
2.065000000000000213e+01,3.799268510910616126e-01,1.350902416517540394e-01,2.646164110045354789e+01,1.622199143915126029e+01,1.600936700674612023e+00,1.852461630571686335e+00
2.070000000000000284e+01,3.796593614480158752e-01,1.338822574824767853e-01,2.646164110045354789e+01,1.622199143915126029e+01,1.600936700674612023e+00,1.852461630571686335e+00
2.075000000000000000e+01,3.793899117954674938e-01,1.326703565226901582e-01,2.646164110045354789e+01,1.622199143915126029e+01,1.600936700674612023e+00,1.852461630571686335e+00
2.080000000000000071e+01,3.791185107466394921e-01,1.314545884941057674e-01,2.646164110045354789e+01,1.622199143915126029e+01,1.600936700674612023e+00,1.852461630571686335e+00
2.085000000000000142e+01,3.788451669705529268e-01,1.302350032730184848e-01,2.646164110045354789e+01,1.622199143915126029e+01,1.600936700674612023e+00,1.852461630571686335e+00
2.090000000000000213e+01,3.785698891917635978e-01,1.290116508882066526e-01,2.646164110045354789e+01,1.622199143915126029e+01,1.600936700674612023e+00,1.852461630571686335e+00
2.095000000000000284e+01,3.782926861900965387e-01,1.277845815188263234e-01,2.646164110045354789e+01,1.622199143915126029e+01,1.600936700674612023e+00,1.852461630571686335e+00
2.100000000000000000e+01,3.780135668003790639e-01,1.265538454922983669e-01,2.439068395560203939e+01,1.467582362258568551e+01,1.455278419771134146e+00,1.943328431388857247e+00
2.105000000000000071e+01,3.777325399121720939e-01,1.253194932821896646e-01,2.439068395560203939e+01,1.467582362258568551e+01,1.455278419771134146e+00,1.943328431388857247e+00
2.110000000000000142e+01,3.774496144695000388e-01,1.240815755060893089e-01,2.439068395560203939e+01,1.467582362258568551e+01,1.455278419771134146e+00,1.943328431388857247e+00
2.115000000000000213e+01,3.771647994705786267e-01,1.228401429234766834e-01,2.439068395560203939e+01,1.467582362258568551e+01,1.455278419771134146e+00,1.943328431388857247e+00
2.120000000000000284e+01,3.768781039675416777e-01,1.215952464335852273e-01,2.439068395560203939e+01,1.467582362258568551e+01,1.455278419771134146e+00,1.943328431388857247e+00
2.125000000000000000e+01,3.765895370661656583e-01,1.203469370732599963e-01,2.439068395560203939e+01,1.467582362258568551e+01,1.455278419771134146e+00,1.943328431388857247e+00
2.130000000000000071e+01,3.762991079255931792e-01,1.190952660148084791e-01,2.439068395560203939e+01,1.467582362258568551e+01,1.455278419771134146e+00,1.943328431388857247e+00
2.135000000000000142e+01,3.760068257580542195e-01,1.178402845638474306e-01,2.439068395560203939e+01,1.467582362258568551e+01,1.455278419771134146e+00,1.943328431388857247e+00
2.140000000000000213e+01,3.757126998285865715e-01,1.165820441571425170e-01,2.439068395560203939e+01,1.467582362258568551e+01,1.455278419771134146e+00,1.943328431388857247e+00
2.145000000000000284e+01,3.754167394547540670e-01,1.153205963604437417e-01,2.439068395560203939e+01,1.467582362258568551e+01,1.455278419771134146e+00,1.943328431388857247e+00
2.150000000000000000e+01,3.751189540063634142e-01,1.140559928663143902e-01,2.439068395560203939e+01,1.467582362258568551e+01,1.455278419771134146e+00,1.943328431388857247e+00
2.155000000000000071e+01,3.748193529051796480e-01,1.127882854919550204e-01,2.439068395560203939e+01,1.467582362258568551e+01,1.455278419771134146e+00,1.943328431388857247e+00
2.160000000000000142e+01,3.745179456246395255e-01,1.115175261770231796e-01,2.439068395560203939e+01,1.467582362258568551e+01,1.455278419771134146e+00,1.943328431388857247e+00
2.165000000000000213e+01,3.742147416895642009e-01,1.102437669814462784e-01,2.439068395560203939e+01,1.467582362258568551e+01,1.455278419771134146e+00,1.943328431388857247e+00
2.170000000000000284e+01,3.739097506758693457e-01,1.089670600832306768e-01,2.439068395560203939e+01,1.467582362258568551e+01,1.455278419771134146e+00,1.943328431388857247e+00
2.175000000000000000e+01,3.736029822102745479e-01,1.076874577762657881e-01,2.439068395560203939e+01,1.467582362258568551e+01,1.455278419771134146e+00,1.943328431388857247e+00
2.180000000000000071e+01,3.732944459700107687e-01,1.064050124681221454e-01,2.439068395560203939e+01,1.467582362258568551e+01,1.455278419771134146e+00,1.943328431388857247e+00
2.185000000000000142e+01,3.729841516825264103e-01,1.051197766778464160e-01,2.439068395560203939e+01,1.467582362258568551e+01,1.455278419771134146e+00,1.943328431388857247e+00
2.190000000000000213e+01,3.726721091251919415e-01,1.038318030337506970e-01,2.439068395560203939e+01,1.467582362258568551e+01,1.455278419771134146e+00,1.943328431388857247e+00
2.195000000000000284e+01,3.723583281250026911e-01,1.025411442711971072e-01,2.439068395560203939e+01,1.467582362258568551e+01,1.455278419771134146e+00,1.943328431388857247e+00
2.200000000000000000e+01,3.720428185582806413e-01,1.012478532303785345e-01,2.347379505605189820e+01,1.684822781799965341e+01,1.143809840647859177e+00,2.025519555214736478e+00
2.205000000000000071e+01,3.717255903503744463e-01,9.995198285409465089e-02,2.347379505605189820e+01,1.684822781799965341e+01,1.143809840647859177e+00,2.025519555214736478e+00
2.210000000000000142e+01,3.714066534753578952e-01,9.865358618552365344e-02,2.347379505605189820e+01,1.684822781799965341e+01,1.143809840647859177e+00,2.025519555214736478e+00
2.215000000000000213e+01,3.710860179557272653e-01,9.735271636598985534e-02,2.347379505605189820e+01,1.684822781799965341e+01,1.143809840647859177e+00,2.025519555214736478e+00
2.220000000000000284e+01,3.707636938620965661e-01,9.604942663272707237e-02,2.347379505605189820e+01,1.684822781799965341e+01,1.143809840647859177e+00,2.025519555214736478e+00
2.225000000000000000e+01,3.704396913128923940e-01,9.474377031663855364e-02,2.347379505605189820e+01,1.684822781799965341e+01,1.143809840647859177e+00,2.025519555214736478e+00
2.230000000000000071e+01,3.701140204740462902e-01,9.343580084005154163e-02,2.347379505605189820e+01,1.684822781799965341e+01,1.143809840647859177e+00,2.025519555214736478e+00
2.235000000000000142e+01,3.697866915586859871e-01,9.212557171446995874e-02,2.347379505605189820e+01,1.684822781799965341e+01,1.143809840647859177e+00,2.025519555214736478e+00
2.240000000000000213e+01,3.694577148268258227e-01,9.081313653832220889e-02,2.347379505605189820e+01,1.684822781799965341e+01,1.143809840647859177e+00,2.025519555214736478e+00
2.245000000000000284e+01,3.691271005850548792e-01,8.949854899470513492e-02,2.347379505605189820e+01,1.684822781799965341e+01,1.143809840647859177e+00,2.025519555214736478e+00
2.250000000000000000e+01,3.687948591862244552e-01,8.818186284912526984e-02,2.347379505605189820e+01,1.684822781799965341e+01,1.143809840647859177e+00,2.025519555214736478e+00
2.255000000000000071e+01,3.684610010291332616e-01,8.686313194723606357e-02,2.347379505605189820e+01,1.684822781799965341e+01,1.143809840647859177e+00,2.025519555214736478e+00
2.260000000000000142e+01,3.681255365582126182e-01,8.554241021257200095e-02,2.347379505605189820e+01,1.684822781799965341e+01,1.143809840647859177e+00,2.025519555214736478e+00
2.265000000000000213e+01,3.677884762632085414e-01,8.421975164427936145e-02,2.347379505605189820e+01,1.684822781799965341e+01,1.143809840647859177e+00,2.025519555214736478e+00
2.270000000000000284e+01,3.674498306788641644e-01,8.289521031484411995e-02,2.347379505605189820e+01,1.684822781799965341e+01,1.143809840647859177e+00,2.025519555214736478e+00
2.275000000000000000e+01,3.671096103845996050e-01,8.156884036781622549e-02,2.347379505605189820e+01,1.684822781799965341e+01,1.143809840647859177e+00,2.025519555214736478e+00
2.280000000000000071e+01,3.667678260041907778e-01,8.024069601553113218e-02,2.347379505605189820e+01,1.684822781799965341e+01,1.143809840647859177e+00,2.025519555214736478e+00
2.285000000000000142e+01,3.664244882054476515e-01,7.891083153682930396e-02,2.347379505605189820e+01,1.684822781799965341e+01,1.143809840647859177e+00,2.025519555214736478e+00
2.290000000000000213e+01,3.660796076998897863e-01,7.757930127477147275e-02,2.347379505605189820e+01,1.684822781799965341e+01,1.143809840647859177e+00,2.025519555214736478e+00
2.295000000000000284e+01,3.657331952424217048e-01,7.624615963435232846e-02,2.347379505605189820e+01,1.684822781799965341e+01,1.143809840647859177e+00,2.025519555214736478e+00
2.300000000000000000e+01,3.653852616310067081e-01,7.491146108021125294e-02,2.541958599329790047e+01,1.776084508581430654e+01,1.100655800962208719e+00,2.036348376392898452e+00
2.305000000000000071e+01,3.650358177063386944e-01,7.357526013434056988e-02,2.541958599329790047e+01,1.776084508581430654e+01,1.100655800962208719e+00,2.036348376392898452e+00
2.310000000000000142e+01,3.646848743515140323e-01,7.223761137379153263e-02,2.541958599329790047e+01,1.776084508581430654e+01,1.100655800962208719e+00,2.036348376392898452e+00
2.315000000000000213e+01,3.643324424917007698e-01,7.089856942837780007e-02,2.541958599329790047e+01,1.776084508581430654e+01,1.100655800962208719e+00,2.036348376392898452e+00
2.320000000000000284e+01,3.639785330938074548e-01,6.955818897837723336e-02,2.541958599329790047e+01,1.776084508581430654e+01,1.100655800962208719e+00,2.036348376392898452e+00
2.325000000000000000e+01,3.636231571661504569e-01,6.821652475223087542e-02,2.541958599329790047e+01,1.776084508581430654e+01,1.100655800962208719e+00,2.036348376392898452e+00
2.330000000000000071e+01,3.632663257581199567e-01,6.687363152424015411e-02,2.541958599329790047e+01,1.776084508581430654e+01,1.100655800962208719e+00,2.036348376392898452e+00
2.335000000000000142e+01,3.629080499598448251e-01,6.552956411226319722e-02,2.541958599329790047e+01,1.776084508581430654e+01,1.100655800962208719e+00,2.036348376392898452e+00
2.340000000000000213e+01,3.625483409018563918e-01,6.418437737540756693e-02,2.541958599329790047e+01,1.776084508581430654e+01,1.100655800962208719e+00,2.036348376392898452e+00
2.345000000000000284e+01,3.621872097547504943e-01,6.283812621172266133e-02,2.541958599329790047e+01,1.776084508581430654e+01,1.100655800962208719e+00,2.036348376392898452e+00
2.350000000000000000e+01,3.618246677288491364e-01,6.149086555589031167e-02,2.541958599329790047e+01,1.776084508581430654e+01,1.100655800962208719e+00,2.036348376392898452e+00
2.355000000000000071e+01,3.614607260738598726e-01,6.014265037691289562e-02,2.541958599329790047e+01,1.776084508581430654e+01,1.100655800962208719e+00,2.036348376392898452e+00
2.360000000000000142e+01,3.610953960785355243e-01,5.879353567580147821e-02,2.541958599329790047e+01,1.776084508581430654e+01,1.100655800962208719e+00,2.036348376392898452e+00
2.365000000000000213e+01,3.607286890703310100e-01,5.744357648326192667e-02,2.541958599329790047e+01,1.776084508581430654e+01,1.100655800962208719e+00,2.036348376392898452e+00
2.370000000000000284e+01,3.603606164150602309e-01,5.609282785737940147e-02,2.541958599329790047e+01,1.776084508581430654e+01,1.100655800962208719e+00,2.036348376392898452e+00
2.375000000000000000e+01,3.599911895165514575e-01,5.474134488130253523e-02,2.541958599329790047e+01,1.776084508581430654e+01,1.100655800962208719e+00,2.036348376392898452e+00
2.380000000000000071e+01,3.596204198163012733e-01,5.338918266092578663e-02,2.541958599329790047e+01,1.776084508581430654e+01,1.100655800962208719e+00,2.036348376392898452e+00
2.385000000000000142e+01,3.592483187931279631e-01,5.203639632257218983e-02,2.541958599329790047e+01,1.776084508581430654e+01,1.100655800962208719e+00,2.036348376392898452e+00
2.390000000000000213e+01,3.588748979628234581e-01,5.068304101067350187e-02,2.541958599329790047e+01,1.776084508581430654e+01,1.100655800962208719e+00,2.036348376392898452e+00
2.395000000000000284e+01,3.585001688778037821e-01,4.932917188545088427e-02,2.541958599329790047e+01,1.776084508581430654e+01,1.100655800962208719e+00,2.036348376392898452e+00
2.400000000000000000e+01,3.581241431267593311e-01,4.797484412059502268e-02,2.662621681272652552e+01,1.978585119866440323e+01,1.344686751875771247e+00,2.118957971523599326e+00
2.405000000000000071e+01,3.577468323343031553e-01,4.662011290094433130e-02,2.662621681272652552e+01,1.978585119866440323e+01,1.344686751875771247e+00,2.118957971523599326e+00
2.410000000000000142e+01,3.573682481606187400e-01,4.526503342016458681e-02,2.662621681272652552e+01,1.978585119866440323e+01,1.344686751875771247e+00,2.118957971523599326e+00
2.415000000000000213e+01,3.569884023011065666e-01,4.390966087842723686e-02,2.662621681272652552e+01,1.978585119866440323e+01,1.344686751875771247e+00,2.118957971523599326e+00
2.420000000000000284e+01,3.566073064860293407e-01,4.255405048008711888e-02,2.662621681272652552e+01,1.978585119866440323e+01,1.344686751875771247e+00,2.118957971523599326e+00
2.425000000000000000e+01,3.562249724801568318e-01,4.119825743136090734e-02,2.662621681272652552e+01,1.978585119866440323e+01,1.344686751875771247e+00,2.118957971523599326e+00
2.430000000000000071e+01,3.558414120824087146e-01,3.984233693800498521e-02,2.662621681272652552e+01,1.978585119866440323e+01,1.344686751875771247e+00,2.118957971523599326e+00
2.435000000000000142e+01,3.554566371254974655e-01,3.848634420299357206e-02,2.662621681272652552e+01,1.978585119866440323e+01,1.344686751875771247e+00,2.118957971523599326e+00
2.440000000000000213e+01,3.550706594755694279e-01,3.713033442419685914e-02,2.662621681272652552e+01,1.978585119866440323e+01,1.344686751875771247e+00,2.118957971523599326e+00
2.445000000000000284e+01,3.546834910318452105e-01,3.577436279205983838e-02,2.662621681272652552e+01,1.978585119866440323e+01,1.344686751875771247e+00,2.118957971523599326e+00
2.450000000000000000e+01,3.542951437262591430e-01,3.441848448728072885e-02,2.662621681272652552e+01,1.978585119866440323e+01,1.344686751875771247e+00,2.118957971523599326e+00
2.455000000000000071e+01,3.539056295230974536e-01,3.306275467849026373e-02,2.662621681272652552e+01,1.978585119866440323e+01,1.344686751875771247e+00,2.118957971523599326e+00
2.460000000000000142e+01,3.535149604186358929e-01,3.170722851993187930e-02,2.662621681272652552e+01,1.978585119866440323e+01,1.344686751875771247e+00,2.118957971523599326e+00
2.465000000000000213e+01,3.531231484407762466e-01,3.035196114914226473e-02,2.662621681272652552e+01,1.978585119866440323e+01,1.344686751875771247e+00,2.118957971523599326e+00
2.470000000000000284e+01,3.527302056486816273e-01,2.899700768463209233e-02,2.662621681272652552e+01,1.978585119866440323e+01,1.344686751875771247e+00,2.118957971523599326e+00
2.475000000000000000e+01,3.523361441324110999e-01,2.764242322356855880e-02,2.662621681272652552e+01,1.978585119866440323e+01,1.344686751875771247e+00,2.118957971523599326e+00
2.480000000000000071e+01,3.519409760125534747e-01,2.628826283945822836e-02,2.662621681272652552e+01,1.978585119866440323e+01,1.344686751875771247e+00,2.118957971523599326e+00
2.485000000000000142e+01,3.515447134398599349e-01,2.493458157983115958e-02,2.662621681272652552e+01,1.978585119866440323e+01,1.344686751875771247e+00,2.118957971523599326e+00
2.490000000000000213e+01,3.511473685948758305e-01,2.358143446392604869e-02,2.662621681272652552e+01,1.978585119866440323e+01,1.344686751875771247e+00,2.118957971523599326e+00
2.495000000000000284e+01,3.507489536875719183e-01,2.222887648037701752e-02,2.662621681272652552e+01,1.978585119866440323e+01,1.344686751875771247e+00,2.118957971523599326e+00
2.500000000000000000e+01,3.503494809569739910e-01,2.087696258490092868e-02,2.166465100203020455e+01,1.833066546895376092e+01,1.024566158226861479e+00,2.110717612430566881e+00
2.505000000000000071e+01,3.499489626707922851e-01,1.952574769798653270e-02,2.166465100203020455e+01,1.833066546895376092e+01,1.024566158226861479e+00,2.110717612430566881e+00
2.510000000000000142e+01,3.495474111250499449e-01,1.817528670258600210e-02,2.166465100203020455e+01,1.833066546895376092e+01,1.024566158226861479e+00,2.110717612430566881e+00
2.515000000000000213e+01,3.491448386437103202e-01,1.682563444180644116e-02,2.166465100203020455e+01,1.833066546895376092e+01,1.024566158226861479e+00,2.110717612430566881e+00
2.520000000000000284e+01,3.487412575783037094e-01,1.547684571660427888e-02,2.166465100203020455e+01,1.833066546895376092e+01,1.024566158226861479e+00,2.110717612430566881e+00
2.525000000000000000e+01,3.483366803075532703e-01,1.412897528348161166e-02,2.166465100203020455e+01,1.833066546895376092e+01,1.024566158226861479e+00,2.110717612430566881e+00
2.530000000000000071e+01,3.479311192369998196e-01,1.278207785218304221e-02,2.166465100203020455e+01,1.833066546895376092e+01,1.024566158226861479e+00,2.110717612430566881e+00
2.535000000000000142e+01,3.475245867986263004e-01,1.143620808339657763e-02,2.166465100203020455e+01,1.833066546895376092e+01,1.024566158226861479e+00,2.110717612430566881e+00
2.540000000000000213e+01,3.471170954504810280e-01,1.009142058645486062e-02,2.166465100203020455e+01,1.833066546895376092e+01,1.024566158226861479e+00,2.110717612430566881e+00
2.545000000000000284e+01,3.467086576763004913e-01,8.747769917039946441e-03,2.166465100203020455e+01,1.833066546895376092e+01,1.024566158226861479e+00,2.110717612430566881e+00
2.550000000000000000e+01,3.462992859851312666e-01,7.405310574889308051e-03,2.166465100203020455e+01,1.833066546895376092e+01,1.024566158226861479e+00,2.110717612430566881e+00
2.555000000000000071e+01,3.458889929109507655e-01,6.064097001504530071e-03,2.166465100203020455e+01,1.833066546895376092e+01,1.024566158226861479e+00,2.110717612430566881e+00
2.560000000000000142e+01,3.454777910122880935e-01,4.724183577863617922e-03,2.166465100203020455e+01,1.833066546895376092e+01,1.024566158226861479e+00,2.110717612430566881e+00
2.565000000000000213e+01,3.450656928718435768e-01,3.385624622134007777e-03,2.166465100203020455e+01,1.833066546895376092e+01,1.024566158226861479e+00,2.110717612430566881e+00
2.570000000000000284e+01,3.446527110961075113e-01,2.048474387389642715e-03,2.166465100203020455e+01,1.833066546895376092e+01,1.024566158226861479e+00,2.110717612430566881e+00
2.575000000000000000e+01,3.442388583149786352e-01,7.127870593307619740e-04,2.166465100203020455e+01,1.833066546895376092e+01,1.024566158226861479e+00,2.110717612430566881e+00
2.580000000000000071e+01,3.438241471813814898e-01,-6.213832459946305731e-04,2.166465100203020455e+01,1.833066546895376092e+01,1.024566158226861479e+00,2.110717612430566881e+00
2.585000000000000142e+01,3.434085903708831156e-01,-1.953982484464648894e-03,2.166465100203020455e+01,1.833066546895376092e+01,1.024566158226861479e+00,2.110717612430566881e+00
2.590000000000000213e+01,3.429922005813097474e-01,-3.284956686155145189e-03,2.166465100203020455e+01,1.833066546895376092e+01,1.024566158226861479e+00,2.110717612430566881e+00
2.595000000000000284e+01,3.425749905323618449e-01,-4.614251957608644927e-03,2.166465100203020455e+01,1.833066546895376092e+01,1.024566158226861479e+00,2.110717612430566881e+00
2.600000000000000000e+01,3.421569729652288450e-01,-5.941814484098993654e-03,2.340016381774809773e+01,1.846104841895228077e+01,1.158501092457431936e+00,2.120942151957517563e+00
2.605000000000000071e+01,3.417381606422040252e-01,-7.267590531893679262e-03,2.340016381774809773e+01,1.846104841895228077e+01,1.158501092457431936e+00,2.120942151957517563e+00
2.610000000000000142e+01,3.413185663462972586e-01,-8.591526450511290103e-03,2.340016381774809773e+01,1.846104841895228077e+01,1.158501092457431936e+00,2.120942151957517563e+00
2.615000000000000213e+01,3.408982028808485998e-01,-9.913568674977113471e-03,2.340016381774809773e+01,1.846104841895228077e+01,1.158501092457431936e+00,2.120942151957517563e+00
2.620000000000000284e+01,3.404770830691404293e-01,-1.123366372807393238e-02,2.340016381774809773e+01,1.846104841895228077e+01,1.158501092457431936e+00,2.120942151957517563e+00
2.625000000000000000e+01,3.400552197540091526e-01,-1.255175822258899204e-02,2.340016381774809773e+01,1.846104841895228077e+01,1.158501092457431936e+00,2.120942151957517563e+00
2.630000000000000071e+01,3.396326257974564555e-01,-1.386779886355849617e-02,2.340016381774809773e+01,1.846104841895228077e+01,1.158501092457431936e+00,2.120942151957517563e+00
2.635000000000000142e+01,3.392093140802601159e-01,-1.518173245050623982e-02,2.340016381774809773e+01,1.846104841895228077e+01,1.158501092457431936e+00,2.120942151957517563e+00
2.640000000000000213e+01,3.387852975015834822e-01,-1.649350587967937654e-02,2.340016381774809773e+01,1.846104841895228077e+01,1.158501092457431936e+00,2.120942151957517563e+00
2.645000000000000284e+01,3.383605889785856746e-01,-1.780306614628027195e-02,2.340016381774809773e+01,1.846104841895228077e+01,1.158501092457431936e+00,2.120942151957517563e+00
2.650000000000000000e+01,3.379352014460302867e-01,-1.911036034669327810e-02,2.340016381774809773e+01,1.846104841895228077e+01,1.158501092457431936e+00,2.120942151957517563e+00
2.655000000000000071e+01,3.375091478558935876e-01,-2.041533568070781623e-02,2.340016381774809773e+01,1.846104841895228077e+01,1.158501092457431936e+00,2.120942151957517563e+00
2.660000000000000142e+01,3.370824411769729467e-01,-2.171793945373676205e-02,2.340016381774809773e+01,1.846104841895228077e+01,1.158501092457431936e+00,2.120942151957517563e+00
2.665000000000000213e+01,3.366550943944937591e-01,-2.301811907903062587e-02,2.340016381774809773e+01,1.846104841895228077e+01,1.158501092457431936e+00,2.120942151957517563e+00
2.670000000000000284e+01,3.362271205097170368e-01,-2.431582207988649408e-02,2.340016381774809773e+01,1.846104841895228077e+01,1.158501092457431936e+00,2.120942151957517563e+00
2.675000000000000000e+01,3.357985325395452247e-01,-2.561099609185318871e-02,2.340016381774809773e+01,1.846104841895228077e+01,1.158501092457431936e+00,2.120942151957517563e+00
2.680000000000000071e+01,3.353693435161286263e-01,-2.690358886493138257e-02,2.340016381774809773e+01,1.846104841895228077e+01,1.158501092457431936e+00,2.120942151957517563e+00
2.685000000000000142e+01,3.349395664864710520e-01,-2.819354826576769141e-02,2.340016381774809773e+01,1.846104841895228077e+01,1.158501092457431936e+00,2.120942151957517563e+00
2.690000000000000213e+01,3.345092145120345251e-01,-2.948082227984569897e-02,2.340016381774809773e+01,1.846104841895228077e+01,1.158501092457431936e+00,2.120942151957517563e+00
2.695000000000000284e+01,3.340783006683444856e-01,-3.076535901367057069e-02,2.340016381774809773e+01,1.846104841895228077e+01,1.158501092457431936e+00,2.120942151957517563e+00
2.700000000000000000e+01,3.336468380445936632e-01,-3.204710669694900427e-02,2.242194975277757862e+01,1.997804993285972941e+01,1.242726746291269002e+00,2.076523497476028712e+00
2.705000000000000071e+01,3.332148397432462827e-01,-3.332601368476381665e-02,2.242194975277757862e+01,1.997804993285972941e+01,1.242726746291269002e+00,2.076523497476028712e+00
2.710000000000000142e+01,3.327823188796413811e-01,-3.460202845974325037e-02,2.242194975277757862e+01,1.997804993285972941e+01,1.242726746291269002e+00,2.076523497476028712e+00
2.715000000000000213e+01,3.323492885815959585e-01,-3.587509963422490927e-02,2.242194975277757862e+01,1.997804993285972941e+01,1.242726746291269002e+00,2.076523497476028712e+00
2.720000000000000284e+01,3.319157619890076294e-01,-3.714517595241377534e-02,2.242194975277757862e+01,1.997804993285972941e+01,1.242726746291269002e+00,2.076523497476028712e+00
2.725000000000000000e+01,3.314817522534573846e-01,-3.841220629253540297e-02,2.242194975277757862e+01,1.997804993285972941e+01,1.242726746291269002e+00,2.076523497476028712e+00
2.730000000000000071e+01,3.310472725378111880e-01,-3.967613966898296540e-02,2.242194975277757862e+01,1.997804993285972941e+01,1.242726746291269002e+00,2.076523497476028712e+00
2.735000000000000142e+01,3.306123360158217950e-01,-4.093692523445782022e-02,2.242194975277757862e+01,1.997804993285972941e+01,1.242726746291269002e+00,2.076523497476028712e+00
2.740000000000000213e+01,3.301769558717305153e-01,-4.219451228210564786e-02,2.242194975277757862e+01,1.997804993285972941e+01,1.242726746291269002e+00,2.076523497476028712e+00
2.745000000000000284e+01,3.297411452998679771e-01,-4.344885024764551934e-02,2.242194975277757862e+01,1.997804993285972941e+01,1.242726746291269002e+00,2.076523497476028712e+00
2.750000000000000000e+01,3.293049175042547794e-01,-4.469988871149288556e-02,2.242194975277757862e+01,1.997804993285972941e+01,1.242726746291269002e+00,2.076523497476028712e+00
2.755000000000000071e+01,3.288682856982024227e-01,-4.594757740087770242e-02,2.242194975277757862e+01,1.997804993285972941e+01,1.242726746291269002e+00,2.076523497476028712e+00
2.760000000000000142e+01,3.284312631039132957e-01,-4.719186619195442356e-02,2.242194975277757862e+01,1.997804993285972941e+01,1.242726746291269002e+00,2.076523497476028712e+00
2.765000000000000213e+01,3.279938629520806614e-01,-4.843270511190683747e-02,2.242194975277757862e+01,1.997804993285972941e+01,1.242726746291269002e+00,2.076523497476028712e+00
2.770000000000000284e+01,3.275560984814884780e-01,-4.967004434104661803e-02,2.242194975277757862e+01,1.997804993285972941e+01,1.242726746291269002e+00,2.076523497476028712e+00
2.775000000000000000e+01,3.271179829386110516e-01,-5.090383421490463772e-02,2.242194975277757862e+01,1.997804993285972941e+01,1.242726746291269002e+00,2.076523497476028712e+00
2.780000000000000071e+01,3.266795295772118024e-01,-5.213402522631645913e-02,2.242194975277757862e+01,1.997804993285972941e+01,1.242726746291269002e+00,2.076523497476028712e+00
2.785000000000000142e+01,3.262407516579429179e-01,-5.336056802750005490e-02,2.242194975277757862e+01,1.997804993285972941e+01,1.242726746291269002e+00,2.076523497476028712e+00
2.790000000000000213e+01,3.258016624479439516e-01,-5.458341343212812918e-02,2.242194975277757862e+01,1.997804993285972941e+01,1.242726746291269002e+00,2.076523497476028712e+00
2.795000000000000284e+01,3.253622752204404223e-01,-5.580251241739263984e-02,2.242194975277757862e+01,1.997804993285972941e+01,1.242726746291269002e+00,2.076523497476028712e+00
2.800000000000000000e+01,3.249226032543426901e-01,-5.701781612606227762e-02,2.364247494881537648e+01,2.375560203610216092e+01,1.416375477031014185e+00,2.010515734903801199e+00
2.805000000000000071e+01,3.244826598338437784e-01,-5.822927586853411663e-02,2.364247494881537648e+01,2.375560203610216092e+01,1.416375477031014185e+00,2.010515734903801199e+00
2.810000000000000142e+01,3.240424582480181392e-01,-5.943684312487648030e-02,2.364247494881537648e+01,2.375560203610216092e+01,1.416375477031014185e+00,2.010515734903801199e+00
2.815000000000000213e+01,3.236020117904191973e-01,-6.064046954686558993e-02,2.364247494881537648e+01,2.375560203610216092e+01,1.416375477031014185e+00,2.010515734903801199e+00
2.820000000000000284e+01,3.231613337586777823e-01,-6.184010696001507323e-02,2.364247494881537648e+01,2.375560203610216092e+01,1.416375477031014185e+00,2.010515734903801199e+00
2.825000000000000000e+01,3.227204374540996179e-01,-6.303570736559752086e-02,2.364247494881537648e+01,2.375560203610216092e+01,1.416375477031014185e+00,2.010515734903801199e+00
2.830000000000000071e+01,3.222793361812629209e-01,-6.422722294265879872e-02,2.364247494881537648e+01,2.375560203610216092e+01,1.416375477031014185e+00,2.010515734903801199e+00
2.835000000000000142e+01,3.218380432476166675e-01,-6.541460605002497042e-02,2.364247494881537648e+01,2.375560203610216092e+01,1.416375477031014185e+00,2.010515734903801199e+00
2.840000000000000213e+01,3.213965719630774154e-01,-6.659780922830151051e-02,2.364247494881537648e+01,2.375560203610216092e+01,1.416375477031014185e+00,2.010515734903801199e+00
2.845000000000000284e+01,3.209549356396272923e-01,-6.777678520186432298e-02,2.364247494881537648e+01,2.375560203610216092e+01,1.416375477031014185e+00,2.010515734903801199e+00
2.850000000000000000e+01,3.205131475909113736e-01,-6.895148688084386246e-02,2.364247494881537648e+01,2.375560203610216092e+01,1.416375477031014185e+00,2.010515734903801199e+00
2.855000000000000071e+01,3.200712211318346156e-01,-7.012186736310101198e-02,2.364247494881537648e+01,2.375560203610216092e+01,1.416375477031014185e+00,2.010515734903801199e+00
2.860000000000000142e+01,3.196291695781600106e-01,-7.128787993619432883e-02,2.364247494881537648e+01,2.375560203610216092e+01,1.416375477031014185e+00,2.010515734903801199e+00
2.865000000000000213e+01,3.191870062461053537e-01,-7.244947807933993511e-02,2.364247494881537648e+01,2.375560203610216092e+01,1.416375477031014185e+00,2.010515734903801199e+00
2.870000000000000284e+01,3.187447444519407869e-01,-7.360661546536351185e-02,2.364247494881537648e+01,2.375560203610216092e+01,1.416375477031014185e+00,2.010515734903801199e+00
2.875000000000000000e+01,3.183023975115862880e-01,-7.475924596264335587e-02,2.364247494881537648e+01,2.375560203610216092e+01,1.416375477031014185e+00,2.010515734903801199e+00
2.880000000000000071e+01,3.178599787402086596e-01,-7.590732363704556784e-02,2.364247494881537648e+01,2.375560203610216092e+01,1.416375477031014185e+00,2.010515734903801199e+00
2.885000000000000142e+01,3.174175014518195170e-01,-7.705080275385067790e-02,2.364247494881537648e+01,2.375560203610216092e+01,1.416375477031014185e+00,2.010515734903801199e+00
2.890000000000000213e+01,3.169749789588723332e-01,-7.818963777967213868e-02,2.364247494881537648e+01,2.375560203610216092e+01,1.416375477031014185e+00,2.010515734903801199e+00
2.895000000000000284e+01,3.165324245718600937e-01,-7.932378338436560372e-02,2.364247494881537648e+01,2.375560203610216092e+01,1.416375477031014185e+00,2.010515734903801199e+00
2.900000000000000000e+01,3.160898515989128965e-01,-8.045319444293047573e-02,2.250713149735022256e+01,2.494805666744915129e+01,7.709069499749957588e-01,2.090870293820322967e+00
2.905000000000000071e+01,3.156472733453954960e-01,-8.157782603740232341e-02,2.250713149735022256e+01,2.494805666744915129e+01,7.709069499749957588e-01,2.090870293820322967e+00
2.910000000000000142e+01,3.152047031135052912e-01,-8.269763345873581972e-02,2.250713149735022256e+01,2.494805666744915129e+01,7.709069499749957588e-01,2.090870293820322967e+00
2.915000000000000213e+01,3.147621542018701479e-01,-8.381257220868021385e-02,2.250713149735022256e+01,2.494805666744915129e+01,7.709069499749957588e-01,2.090870293820322967e+00
2.920000000000000284e+01,3.143196399051461087e-01,-8.492259800164489447e-02,2.250713149735022256e+01,2.494805666744915129e+01,7.709069499749957588e-01,2.090870293820322967e+00
2.925000000000000000e+01,3.138771735136159924e-01,-8.602766676655582145e-02,2.250713149735022256e+01,2.494805666744915129e+01,7.709069499749957588e-01,2.090870293820322967e+00
2.930000000000000071e+01,3.134347683127871598e-01,-8.712773464870395002e-02,2.250713149735022256e+01,2.494805666744915129e+01,7.709069499749957588e-01,2.090870293820322967e+00
2.935000000000000142e+01,3.129924375829902239e-01,-8.822275801158302455e-02,2.250713149735022256e+01,2.494805666744915129e+01,7.709069499749957588e-01,2.090870293820322967e+00
2.940000000000000213e+01,3.125501945989777597e-01,-8.931269343871925392e-02,2.250713149735022256e+01,2.494805666744915129e+01,7.709069499749957588e-01,2.090870293820322967e+00
2.945000000000000284e+01,3.121080526295226809e-01,-9.039749773549092537e-02,2.250713149735022256e+01,2.494805666744915129e+01,7.709069499749957588e-01,2.090870293820322967e+00
2.950000000000000000e+01,3.116660249370175051e-01,-9.147712793093912276e-02,2.250713149735022256e+01,2.494805666744915129e+01,7.709069499749957588e-01,2.090870293820322967e+00
2.955000000000000071e+01,3.112241247770732855e-01,-9.255154127956907728e-02,2.250713149735022256e+01,2.494805666744915129e+01,7.709069499749957588e-01,2.090870293820322967e+00
2.960000000000000142e+01,3.107823653981192091e-01,-9.362069526314073520e-02,2.250713149735022256e+01,2.494805666744915129e+01,7.709069499749957588e-01,2.090870293820322967e+00
2.965000000000000213e+01,3.103407600410021394e-01,-9.468454759245138741e-02,2.250713149735022256e+01,2.494805666744915129e+01,7.709069499749957588e-01,2.090870293820322967e+00
2.970000000000000284e+01,3.098993219385862696e-01,-9.574305620910766867e-02,2.250713149735022256e+01,2.494805666744915129e+01,7.709069499749957588e-01,2.090870293820322967e+00
2.975000000000000000e+01,3.094580643153534982e-01,-9.679617928728731502e-02,2.250713149735022256e+01,2.494805666744915129e+01,7.709069499749957588e-01,2.090870293820322967e+00
2.980000000000000071e+01,3.090170003870034710e-01,-9.784387523549264998e-02,2.250713149735022256e+01,2.494805666744915129e+01,7.709069499749957588e-01,2.090870293820322967e+00
2.985000000000000142e+01,3.085761433600545667e-01,-9.888610269829223309e-02,2.250713149735022256e+01,2.494805666744915129e+01,7.709069499749957588e-01,2.090870293820322967e+00
2.990000000000000213e+01,3.081355064314444947e-01,-9.992282055805359886e-02,2.250713149735022256e+01,2.494805666744915129e+01,7.709069499749957588e-01,2.090870293820322967e+00
2.995000000000000284e+01,3.076951027881317247e-01,-1.009539879366660314e-01,2.250713149735022256e+01,2.494805666744915129e+01,7.709069499749957588e-01,2.090870293820322967e+00
3.000000000000000000e+01,3.072549456066969165e-01,-1.019795641972525979e-01,2.324805853202767736e+01,2.451049618817408415e+01,7.454669818796857417e-01,1.950988069444956619e+00
3.005000000000000071e+01,3.068150480529447943e-01,-1.029995089458722313e-01,2.324805853202767736e+01,2.451049618817408415e+01,7.454669818796857417e-01,1.950988069444956619e+00
3.010000000000000142e+01,3.063754232815063538e-01,-1.040137820332115715e-01,2.324805853202767736e+01,2.451049618817408415e+01,7.454669818796857417e-01,1.950988069444956619e+00
3.015000000000000213e+01,3.059360844354414022e-01,-1.050223435562663288e-01,2.324805853202767736e+01,2.451049618817408415e+01,7.454669818796857417e-01,1.950988069444956619e+00
3.020000000000000284e+01,3.054970446458414313e-01,-1.060251538600122667e-01,2.324805853202767736e+01,2.451049618817408415e+01,7.454669818796857417e-01,1.950988069444956619e+00
3.025000000000000000e+01,3.050583170314330461e-01,-1.070221735390654572e-01,2.324805853202767736e+01,2.451049618817408415e+01,7.454669818796857417e-01,1.950988069444956619e+00
3.030000000000000071e+01,3.046199146981812267e-01,-1.080133634393326270e-01,2.324805853202767736e+01,2.451049618817408415e+01,7.454669818796857417e-01,1.950988069444956619e+00
3.035000000000000142e+01,3.041818507388938109e-01,-1.089986846596499859e-01,2.324805853202767736e+01,2.451049618817408415e+01,7.454669818796857417e-01,1.950988069444956619e+00
3.040000000000000213e+01,3.037441382328257555e-01,-1.099780985534116462e-01,2.324805853202767736e+01,2.451049618817408415e+01,7.454669818796857417e-01,1.950988069444956619e+00
3.045000000000000284e+01,3.033067902452840636e-01,-1.109515667301876896e-01,2.324805853202767736e+01,2.451049618817408415e+01,7.454669818796857417e-01,1.950988069444956619e+00
3.050000000000000000e+01,3.028698198272330444e-01,-1.119190510573308261e-01,2.324805853202767736e+01,2.451049618817408415e+01,7.454669818796857417e-01,1.950988069444956619e+00
3.055000000000000071e+01,3.024332400149000732e-01,-1.128805136615722571e-01,2.324805853202767736e+01,2.451049618817408415e+01,7.454669818796857417e-01,1.950988069444956619e+00
3.060000000000000142e+01,3.019970638293818510e-01,-1.138359169306068508e-01,2.324805853202767736e+01,2.451049618817408415e+01,7.454669818796857417e-01,1.950988069444956619e+00
3.065000000000000213e+01,3.015613042762510521e-01,-1.147852235146667732e-01,2.324805853202767736e+01,2.451049618817408415e+01,7.454669818796857417e-01,1.950988069444956619e+00
3.070000000000000284e+01,3.011259743451636939e-01,-1.157283963280842654e-01,2.324805853202767736e+01,2.451049618817408415e+01,7.454669818796857417e-01,1.950988069444956619e+00
3.075000000000000000e+01,3.006910870094663402e-01,-1.166653985508432911e-01,2.324805853202767736e+01,2.451049618817408415e+01,7.454669818796857417e-01,1.950988069444956619e+00
3.080000000000000071e+01,3.002566552258045252e-01,-1.175961936301201383e-01,2.324805853202767736e+01,2.451049618817408415e+01,7.454669818796857417e-01,1.950988069444956619e+00
3.085000000000000142e+01,2.998226919337315666e-01,-1.185207452818116403e-01,2.324805853202767736e+01,2.451049618817408415e+01,7.454669818796857417e-01,1.950988069444956619e+00
3.090000000000000213e+01,2.993892100553176006e-01,-1.194390174920535452e-01,2.324805853202767736e+01,2.451049618817408415e+01,7.454669818796857417e-01,1.950988069444956619e+00
3.095000000000000284e+01,2.989562224947591162e-01,-1.203509745187261865e-01,2.324805853202767736e+01,2.451049618817408415e+01,7.454669818796857417e-01,1.950988069444956619e+00
3.100000000000000000e+01,2.985237421379897671e-01,-1.212565808929494254e-01,2.236249134493116486e+01,2.748506758964548524e+01,1.084795713492791025e+00,1.839154526877633700e+00
3.105000000000000071e+01,2.980917818522905716e-01,-1.221558014205654796e-01,2.236249134493116486e+01,2.748506758964548524e+01,1.084795713492791025e+00,1.839154526877633700e+00
3.110000000000000142e+01,2.976603544859019457e-01,-1.230486011836103705e-01,2.236249134493116486e+01,2.748506758964548524e+01,1.084795713492791025e+00,1.839154526877633700e+00
3.115000000000000213e+01,2.972294728676352915e-01,-1.239349455417738388e-01,2.236249134493116486e+01,2.748506758964548524e+01,1.084795713492791025e+00,1.839154526877633700e+00
3.120000000000000284e+01,2.967991498064858624e-01,-1.248148001338471313e-01,2.236249134493116486e+01,2.748506758964548524e+01,1.084795713492791025e+00,1.839154526877633700e+00
3.125000000000000000e+01,2.963693980912457393e-01,-1.256881308791588658e-01,2.236249134493116486e+01,2.748506758964548524e+01,1.084795713492791025e+00,1.839154526877633700e+00
3.130000000000000071e+01,2.959402304901179170e-01,-1.265549039790000441e-01,2.236249134493116486e+01,2.748506758964548524e+01,1.084795713492791025e+00,1.839154526877633700e+00
3.135000000000000142e+01,2.955116597503306686e-01,-1.274150859180355477e-01,2.236249134493116486e+01,2.748506758964548524e+01,1.084795713492791025e+00,1.839154526877633700e+00
3.140000000000000213e+01,2.950836985977525195e-01,-1.282686434657049346e-01,2.236249134493116486e+01,2.748506758964548524e+01,1.084795713492791025e+00,1.839154526877633700e+00
3.145000000000000284e+01,2.946563597365084441e-01,-1.291155436776102727e-01,2.236249134493116486e+01,2.748506758964548524e+01,1.084795713492791025e+00,1.839154526877633700e+00
3.150000000000000000e+01,2.942296558485956726e-01,-1.299557538968924564e-01,2.236249134493116486e+01,2.748506758964548524e+01,1.084795713492791025e+00,1.839154526877633700e+00
3.155000000000000071e+01,2.938035995935014966e-01,-1.307892417555958087e-01,2.236249134493116486e+01,2.748506758964548524e+01,1.084795713492791025e+00,1.839154526877633700e+00
3.160000000000000142e+01,2.933782036078204647e-01,-1.316159751760180574e-01,2.236249134493116486e+01,2.748506758964548524e+01,1.084795713492791025e+00,1.839154526877633700e+00
3.165000000000000213e+01,2.929534805048733537e-01,-1.324359223720516510e-01,2.236249134493116486e+01,2.748506758964548524e+01,1.084795713492791025e+00,1.839154526877633700e+00
3.170000000000000284e+01,2.925294428743261954e-01,-1.332490518505095312e-01,2.236249134493116486e+01,2.748506758964548524e+01,1.084795713492791025e+00,1.839154526877633700e+00
3.175000000000000000e+01,2.921061032818103032e-01,-1.340553324124402756e-01,2.236249134493116486e+01,2.748506758964548524e+01,1.084795713492791025e+00,1.839154526877633700e+00
3.180000000000000071e+01,2.916834742685427417e-01,-1.348547331544302230e-01,2.236249134493116486e+01,2.748506758964548524e+01,1.084795713492791025e+00,1.839154526877633700e+00
3.185000000000000142e+01,2.912615683509481856e-01,-1.356472234698929968e-01,2.236249134493116486e+01,2.748506758964548524e+01,1.084795713492791025e+00,1.839154526877633700e+00
3.190000000000000213e+01,2.908403980202807215e-01,-1.364327730503468172e-01,2.236249134493116486e+01,2.748506758964548524e+01,1.084795713492791025e+00,1.839154526877633700e+00
3.195000000000000284e+01,2.904199757422469275e-01,-1.372113518866786841e-01,2.236249134493116486e+01,2.748506758964548524e+01,1.084795713492791025e+00,1.839154526877633700e+00
3.200000000000000000e+01,2.900003139566298960e-01,-1.379829302703963478e-01,2.079161651630956698e+01,2.786871259218906260e+01,9.393268132297959427e-01,1.603763931943084753e+00
3.205000000000000426e+01,2.895814250769133125e-01,-1.387474787948675403e-01,2.079161651630956698e+01,2.786871259218906260e+01,9.393268132297959427e-01,1.603763931943084753e+00
3.210000000000000142e+01,2.891633214899074211e-01,-1.395049683565454113e-01,2.079161651630956698e+01,2.786871259218906260e+01,9.393268132297959427e-01,1.603763931943084753e+00
3.214999999999999858e+01,2.887460155553742691e-01,-1.402553701561832233e-01,2.079161651630956698e+01,2.786871259218906260e+01,9.393268132297959427e-01,1.603763931943084753e+00
3.220000000000000284e+01,2.883295196056558374e-01,-1.409986557000340035e-01,2.079161651630956698e+01,2.786871259218906260e+01,9.393268132297959427e-01,1.603763931943084753e+00
3.225000000000000000e+01,2.879138459453010057e-01,-1.417347968010380099e-01,2.079161651630956698e+01,2.786871259218906260e+01,9.393268132297959427e-01,1.603763931943084753e+00
3.230000000000000426e+01,2.874990068506945717e-01,-1.424637655799982916e-01,2.079161651630956698e+01,2.786871259218906260e+01,9.393268132297959427e-01,1.603763931943084753e+00
3.235000000000000142e+01,2.870850145696869360e-01,-1.431855344667412044e-01,2.079161651630956698e+01,2.786871259218906260e+01,9.393268132297959427e-01,1.603763931943084753e+00
3.239999999999999858e+01,2.866718813212242312e-01,-1.439000762012654921e-01,2.079161651630956698e+01,2.786871259218906260e+01,9.393268132297959427e-01,1.603763931943084753e+00
3.245000000000000284e+01,2.862596192949798946e-01,-1.446073638348779333e-01,2.079161651630956698e+01,2.786871259218906260e+01,9.393268132297959427e-01,1.603763931943084753e+00
3.250000000000000000e+01,2.858482406509865736e-01,-1.453073707313143614e-01,2.079161651630956698e+01,2.786871259218906260e+01,9.393268132297959427e-01,1.603763931943084753e+00
3.255000000000000426e+01,2.854377575192695859e-01,-1.460000705678499711e-01,2.079161651630956698e+01,2.786871259218906260e+01,9.393268132297959427e-01,1.603763931943084753e+00
3.260000000000000142e+01,2.850281819994808230e-01,-1.466854373363940256e-01,2.079161651630956698e+01,2.786871259218906260e+01,9.393268132297959427e-01,1.603763931943084753e+00
3.264999999999999858e+01,2.846195261605334315e-01,-1.473634453445727410e-01,2.079161651630956698e+01,2.786871259218906260e+01,9.393268132297959427e-01,1.603763931943084753e+00
3.270000000000000284e+01,2.842118020402381040e-01,-1.480340692167979588e-01,2.079161651630956698e+01,2.786871259218906260e+01,9.393268132297959427e-01,1.603763931943084753e+00
3.275000000000000000e+01,2.838050216449399255e-01,-1.486972838953227738e-01,2.079161651630956698e+01,2.786871259218906260e+01,9.393268132297959427e-01,1.603763931943084753e+00
3.280000000000000426e+01,2.833991969491555518e-01,-1.493530646412838114e-01,2.079161651630956698e+01,2.786871259218906260e+01,9.393268132297959427e-01,1.603763931943084753e+00
3.285000000000000142e+01,2.829943398952131650e-01,-1.500013870357293500e-01,2.079161651630956698e+01,2.786871259218906260e+01,9.393268132297959427e-01,1.603763931943084753e+00
3.289999999999999858e+01,2.825904623928908732e-01,-1.506422269806351466e-01,2.079161651630956698e+01,2.786871259218906260e+01,9.393268132297959427e-01,1.603763931943084753e+00
3.295000000000000284e+01,2.821875763190585529e-01,-1.512755606999051095e-01,2.079161651630956698e+01,2.786871259218906260e+01,9.393268132297959427e-01,1.603763931943084753e+00
3.300000000000000000e+01,2.817856935173191912e-01,-1.519013647403597012e-01,2.030039687251447589e+01,2.817623501919635842e+01,9.438168925174662549e-01,1.503336229429227622e+00
3.305000000000000426e+01,2.813848257976513945e-01,-1.525196159727098266e-01,2.030039687251447589e+01,2.817623501919635842e+01,9.438168925174662549e-01,1.503336229429227622e+00
3.310000000000000142e+01,2.809849849360540053e-01,-1.531302915925170927e-01,2.030039687251447589e+01,2.817623501919635842e+01,9.438168925174662549e-01,1.503336229429227622e+00
3.314999999999999858e+01,2.805861826741899434e-01,-1.537333691211411335e-01,2.030039687251447589e+01,2.817623501919635842e+01,9.438168925174662549e-01,1.503336229429227622e+00
3.320000000000000284e+01,2.801884307190328771e-01,-1.543288264066720039e-01,2.030039687251447589e+01,2.817623501919635842e+01,9.438168925174662549e-01,1.503336229429227622e+00
3.325000000000000000e+01,2.797917407425138947e-01,-1.549166416248490274e-01,2.030039687251447589e+01,2.817623501919635842e+01,9.438168925174662549e-01,1.503336229429227622e+00
3.330000000000000426e+01,2.793961243811693418e-01,-1.554967932799669050e-01,2.030039687251447589e+01,2.817623501919635842e+01,9.438168925174662549e-01,1.503336229429227622e+00
3.335000000000000142e+01,2.790015932357905459e-01,-1.560692602057658918e-01,2.030039687251447589e+01,2.817623501919635842e+01,9.438168925174662549e-01,1.503336229429227622e+00
3.339999999999999858e+01,2.786081588710732082e-01,-1.566340215663099000e-01,2.030039687251447589e+01,2.817623501919635842e+01,9.438168925174662549e-01,1.503336229429227622e+00
3.345000000000000284e+01,2.782158328152691817e-01,-1.571910568568498368e-01,2.030039687251447589e+01,2.817623501919635842e+01,9.438168925174662549e-01,1.503336229429227622e+00
3.350000000000000000e+01,2.778246265598390274e-01,-1.577403459046722300e-01,2.030039687251447589e+01,2.817623501919635842e+01,9.438168925174662549e-01,1.503336229429227622e+00
3.355000000000000426e+01,2.774345515591050138e-01,-1.582818688699353382e-01,2.030039687251447589e+01,2.817623501919635842e+01,9.438168925174662549e-01,1.503336229429227622e+00
3.360000000000000142e+01,2.770456192299063924e-01,-1.588156062464898266e-01,2.030039687251447589e+01,2.817623501919635842e+01,9.438168925174662549e-01,1.503336229429227622e+00
3.364999999999999858e+01,2.766578409512547299e-01,-1.593415388626860940e-01,2.030039687251447589e+01,2.817623501919635842e+01,9.438168925174662549e-01,1.503336229429227622e+00
3.370000000000000284e+01,2.762712280639910700e-01,-1.598596478821669442e-01,2.030039687251447589e+01,2.817623501919635842e+01,9.438168925174662549e-01,1.503336229429227622e+00
3.375000000000000000e+01,2.758857918704442080e-01,-1.603699148046464906e-01,2.030039687251447589e+01,2.817623501919635842e+01,9.438168925174662549e-01,1.503336229429227622e+00
3.380000000000000426e+01,2.755015436340897406e-01,-1.608723214666744616e-01,2.030039687251447589e+01,2.817623501919635842e+01,9.438168925174662549e-01,1.503336229429227622e+00
3.385000000000000142e+01,2.751184945792106706e-01,-1.613668500423863783e-01,2.030039687251447589e+01,2.817623501919635842e+01,9.438168925174662549e-01,1.503336229429227622e+00
3.389999999999999858e+01,2.747366558905591782e-01,-1.618534830442398265e-01,2.030039687251447589e+01,2.817623501919635842e+01,9.438168925174662549e-01,1.503336229429227622e+00
3.395000000000000284e+01,2.743560387130193345e-01,-1.623322033237357687e-01,2.030039687251447589e+01,2.817623501919635842e+01,9.438168925174662549e-01,1.503336229429227622e+00
3.400000000000000000e+01,2.739766541512714260e-01,-1.628029940721256175e-01,2.006473803520038146e+01,2.853750880484590979e+01,6.954033586724037708e-01,1.377014226009214637e+00
3.405000000000000426e+01,2.735985132694569999e-01,-1.632658388211046807e-01,2.006473803520038146e+01,2.853750880484590979e+01,6.954033586724037708e-01,1.377014226009214637e+00
3.410000000000000142e+01,2.732216270908459088e-01,-1.637207214434898417e-01,2.006473803520038146e+01,2.853750880484590979e+01,6.954033586724037708e-01,1.377014226009214637e+00
3.414999999999999858e+01,2.728460065975035764e-01,-1.641676261538843051e-01,2.006473803520038146e+01,2.853750880484590979e+01,6.954033586724037708e-01,1.377014226009214637e+00
3.420000000000000284e+01,2.724716627299603733e-01,-1.646065375093269945e-01,2.006473803520038146e+01,2.853750880484590979e+01,6.954033586724037708e-01,1.377014226009214637e+00
3.425000000000000000e+01,2.720986063868820470e-01,-1.650374404099269610e-01,2.006473803520038146e+01,2.853750880484590979e+01,6.954033586724037708e-01,1.377014226009214637e+00
3.430000000000000426e+01,2.717268484247410409e-01,-1.654603200994848033e-01,2.006473803520038146e+01,2.853750880484590979e+01,6.954033586724037708e-01,1.377014226009214637e+00
3.435000000000000142e+01,2.713563996574898662e-01,-1.658751621660981834e-01,2.006473803520038146e+01,2.853750880484590979e+01,6.954033586724037708e-01,1.377014226009214637e+00
3.439999999999999858e+01,2.709872708562345855e-01,-1.662819525427531309e-01,2.006473803520038146e+01,2.853750880484590979e+01,6.954033586724037708e-01,1.377014226009214637e+00
3.445000000000000284e+01,2.706194727489110718e-01,-1.666806775079013592e-01,2.006473803520038146e+01,2.853750880484590979e+01,6.954033586724037708e-01,1.377014226009214637e+00
3.450000000000000000e+01,2.702530160199614340e-01,-1.670713236860218720e-01,2.006473803520038146e+01,2.853750880484590979e+01,6.954033586724037708e-01,1.377014226009214637e+00
3.455000000000000426e+01,2.698879113100119964e-01,-1.674538780481688305e-01,2.006473803520038146e+01,2.853750880484590979e+01,6.954033586724037708e-01,1.377014226009214637e+00
3.460000000000000142e+01,2.695241692155534996e-01,-1.678283279125044325e-01,2.006473803520038146e+01,2.853750880484590979e+01,6.954033586724037708e-01,1.377014226009214637e+00
3.464999999999999858e+01,2.691618002886209671e-01,-1.681946609448169705e-01,2.006473803520038146e+01,2.853750880484590979e+01,6.954033586724037708e-01,1.377014226009214637e+00
3.470000000000000284e+01,2.688008150364765703e-01,-1.685528651590244564e-01,2.006473803520038146e+01,2.853750880484590979e+01,6.954033586724037708e-01,1.377014226009214637e+00
3.475000000000000000e+01,2.684412239212931039e-01,-1.689029289176630921e-01,2.006473803520038146e+01,2.853750880484590979e+01,6.954033586724037708e-01,1.377014226009214637e+00
3.480000000000000426e+01,2.680830373598385163e-01,-1.692448409323616398e-01,2.006473803520038146e+01,2.853750880484590979e+01,6.954033586724037708e-01,1.377014226009214637e+00
3.485000000000000142e+01,2.677262657231626597e-01,-1.695785902643001664e-01,2.006473803520038146e+01,2.853750880484590979e+01,6.954033586724037708e-01,1.377014226009214637e+00
3.489999999999999858e+01,2.673709193362848180e-01,-1.699041663246549372e-01,2.006473803520038146e+01,2.853750880484590979e+01,6.954033586724037708e-01,1.377014226009214637e+00
3.495000000000000284e+01,2.670170084778825670e-01,-1.702215588750276010e-01,2.006473803520038146e+01,2.853750880484590979e+01,6.954033586724037708e-01,1.377014226009214637e+00
3.500000000000000000e+01,2.666645433799828546e-01,-1.705307580278600799e-01,2.253022501523271259e+01,2.866733407375764386e+01,1.160031897305245252e+00,1.288792840265215567e+00
3.505000000000000426e+01,2.663135342276532480e-01,-1.708317542468347772e-01,2.253022501523271259e+01,2.866733407375764386e+01,1.160031897305245252e+00,1.288792840265215567e+00
3.510000000000000142e+01,2.659639911586960115e-01,-1.711245383472590753e-01,2.253022501523271259e+01,2.866733407375764386e+01,1.160031897305245252e+00,1.288792840265215567e+00
3.514999999999999858e+01,2.656159242633421291e-01,-1.714091014964360116e-01,2.253022501523271259e+01,2.866733407375764386e+01,1.160031897305245252e+00,1.288792840265215567e+00
3.520000000000000284e+01,2.652693435839482694e-01,-1.716854352140194107e-01,2.253022501523271259e+01,2.866733407375764386e+01,1.160031897305245252e+00,1.288792840265215567e+00
3.525000000000000000e+01,2.649242591146941384e-01,-1.719535313723538628e-01,2.253022501523271259e+01,2.866733407375764386e+01,1.160031897305245252e+00,1.288792840265215567e+00
3.530000000000000426e+01,2.645806808012816091e-01,-1.722133821968007961e-01,2.253022501523271259e+01,2.866733407375764386e+01,1.160031897305245252e+00,1.288792840265215567e+00
3.535000000000000142e+01,2.642386185406355725e-01,-1.724649802660485065e-01,2.253022501523271259e+01,2.866733407375764386e+01,1.160031897305245252e+00,1.288792840265215567e+00
3.539999999999999858e+01,2.638980821806058974e-01,-1.727083185124078935e-01,2.253022501523271259e+01,2.866733407375764386e+01,1.160031897305245252e+00,1.288792840265215567e+00
3.545000000000000284e+01,2.635590815196711678e-01,-1.729433902220929020e-01,2.253022501523271259e+01,2.866733407375764386e+01,1.160031897305245252e+00,1.288792840265215567e+00
3.550000000000000000e+01,2.632216263066439188e-01,-1.731701890354863105e-01,2.253022501523271259e+01,2.866733407375764386e+01,1.160031897305245252e+00,1.288792840265215567e+00
3.555000000000000426e+01,2.628857262403769268e-01,-1.733887089473901966e-01,2.253022501523271259e+01,2.866733407375764386e+01,1.160031897305245252e+00,1.288792840265215567e+00
3.560000000000000142e+01,2.625513909694718873e-01,-1.735989443072614713e-01,2.253022501523271259e+01,2.866733407375764386e+01,1.160031897305245252e+00,1.288792840265215567e+00
3.564999999999999858e+01,2.622186300919887025e-01,-1.738008898194327578e-01,2.253022501523271259e+01,2.866733407375764386e+01,1.160031897305245252e+00,1.288792840265215567e+00
3.570000000000000284e+01,2.618874531551568241e-01,-1.739945405433177550e-01,2.253022501523271259e+01,2.866733407375764386e+01,1.160031897305245252e+00,1.288792840265215567e+00
3.575000000000000000e+01,2.615578696550880933e-01,-1.741798918936017238e-01,2.253022501523271259e+01,2.866733407375764386e+01,1.160031897305245252e+00,1.288792840265215567e+00
3.580000000000000426e+01,2.612298890364911363e-01,-1.743569396404173466e-01,2.253022501523271259e+01,2.866733407375764386e+01,1.160031897305245252e+00,1.288792840265215567e+00
3.585000000000000142e+01,2.609035206923872030e-01,-1.745256799095047939e-01,2.253022501523271259e+01,2.866733407375764386e+01,1.160031897305245252e+00,1.288792840265215567e+00
3.589999999999999858e+01,2.605787739638275591e-01,-1.746861091823574963e-01,2.253022501523271259e+01,2.866733407375764386e+01,1.160031897305245252e+00,1.288792840265215567e+00
3.595000000000000284e+01,2.602556581396125446e-01,-1.748382242963522903e-01,2.253022501523271259e+01,2.866733407375764386e+01,1.160031897305245252e+00,1.288792840265215567e+00
3.600000000000000000e+01,2.599341824560126302e-01,-1.749820224448648820e-01,2.097328422798426928e+01,2.878500938937110831e+01,1.188584831457915936e+00,1.193747926142268545e+00
3.605000000000000426e+01,2.596143560964900288e-01,-1.751175011773700163e-01,2.097328422798426928e+01,2.878500938937110831e+01,1.188584831457915936e+00,1.193747926142268545e+00
3.610000000000000142e+01,2.592961881914230826e-01,-1.752446583995266316e-01,2.097328422798426928e+01,2.878500938937110831e+01,1.188584831457915936e+00,1.193747926142268545e+00
3.614999999999999858e+01,2.589796878178314832e-01,-1.753634923732481643e-01,2.097328422798426928e+01,2.878500938937110831e+01,1.188584831457915936e+00,1.193747926142268545e+00
3.620000000000000284e+01,2.586648639991032672e-01,-1.754740017167573107e-01,2.097328422798426928e+01,2.878500938937110831e+01,1.188584831457915936e+00,1.193747926142268545e+00
3.625000000000000000e+01,2.583517257047239224e-01,-1.755761854046262171e-01,2.097328422798426928e+01,2.878500938937110831e+01,1.188584831457915936e+00,1.193747926142268545e+00
3.630000000000000426e+01,2.580402818500063811e-01,-1.756700427678011822e-01,2.097328422798426928e+01,2.878500938937110831e+01,1.188584831457915936e+00,1.193747926142268545e+00
3.635000000000000142e+01,2.577305412958232900e-01,-1.757555734936125380e-01,2.097328422798426928e+01,2.878500938937110831e+01,1.188584831457915936e+00,1.193747926142268545e+00
3.639999999999999858e+01,2.574225128483405012e-01,-1.758327776257694319e-01,2.097328422798426928e+01,2.878500938937110831e+01,1.188584831457915936e+00,1.193747926142268545e+00
3.645000000000000284e+01,2.571162052587524505e-01,-1.759016555643393709e-01,2.097328422798426928e+01,2.878500938937110831e+01,1.188584831457915936e+00,1.193747926142268545e+00
3.650000000000000000e+01,2.568116272230194230e-01,-1.759622080657127219e-01,2.097328422798426928e+01,2.878500938937110831e+01,1.188584831457915936e+00,1.193747926142268545e+00
3.655000000000000426e+01,2.565087873816057629e-01,-1.760144362425523634e-01,2.097328422798426928e+01,2.878500938937110831e+01,1.188584831457915936e+00,1.193747926142268545e+00
3.660000000000000142e+01,2.562076943192208023e-01,-1.760583415637280436e-01,2.097328422798426928e+01,2.878500938937110831e+01,1.188584831457915936e+00,1.193747926142268545e+00
3.664999999999999858e+01,2.559083565645604574e-01,-1.760939258542355557e-01,2.097328422798426928e+01,2.878500938937110831e+01,1.188584831457915936e+00,1.193747926142268545e+00
3.670000000000000284e+01,2.556107825900512664e-01,-1.761211912951011760e-01,2.097328422798426928e+01,2.878500938937110831e+01,1.188584831457915936e+00,1.193747926142268545e+00
3.675000000000000000e+01,2.553149808115959818e-01,-1.761401404232708079e-01,2.097328422798426928e+01,2.878500938937110831e+01,1.188584831457915936e+00,1.193747926142268545e+00
3.680000000000000426e+01,2.550209595883203839e-01,-1.761507761314841936e-01,2.097328422798426928e+01,2.878500938937110831e+01,1.188584831457915936e+00,1.193747926142268545e+00
3.685000000000000142e+01,2.547287272223227039e-01,-1.761531016681338047e-01,2.097328422798426928e+01,2.878500938937110831e+01,1.188584831457915936e+00,1.193747926142268545e+00
3.689999999999999858e+01,2.544382919584239899e-01,-1.761471206371090503e-01,2.097328422798426928e+01,2.878500938937110831e+01,1.188584831457915936e+00,1.193747926142268545e+00
3.695000000000000284e+01,2.541496619839204718e-01,-1.761328369976252195e-01,2.097328422798426928e+01,2.878500938937110831e+01,1.188584831457915936e+00,1.193747926142268545e+00
3.700000000000000000e+01,2.538628454283381464e-01,-1.761102550640374353e-01,2.277750942950949309e+01,2.988565328613840677e+01,1.033179495462172470e+00,1.059240535428462193e+00
3.705000000000000426e+01,2.535778503631880842e-01,-1.760793795056396216e-01,2.277750942950949309e+01,2.988565328613840677e+01,1.033179495462172470e+00,1.059240535428462193e+00
3.710000000000000142e+01,2.532946848017247898e-01,-1.760402153464484254e-01,2.277750942950949309e+01,2.988565328613840677e+01,1.033179495462172470e+00,1.059240535428462193e+00
3.714999999999999858e+01,2.530133566987050053e-01,-1.759927679649719301e-01,2.277750942950949309e+01,2.988565328613840677e+01,1.033179495462172470e+00,1.059240535428462193e+00
3.720000000000000284e+01,2.527338739501495124e-01,-1.759370430939639351e-01,2.277750942950949309e+01,2.988565328613840677e+01,1.033179495462172470e+00,1.059240535428462193e+00
3.725000000000000000e+01,2.524562443931057665e-01,-1.758730468201624431e-01,2.277750942950949309e+01,2.988565328613840677e+01,1.033179495462172470e+00,1.059240535428462193e+00
3.730000000000000426e+01,2.521804758054129736e-01,-1.758007855840139910e-01,2.277750942950949309e+01,2.988565328613840677e+01,1.033179495462172470e+00,1.059240535428462193e+00
3.735000000000000142e+01,2.519065759054685549e-01,-1.757202661793823839e-01,2.277750942950949309e+01,2.988565328613840677e+01,1.033179495462172470e+00,1.059240535428462193e+00
3.739999999999999858e+01,2.516345523519966654e-01,-1.756314957532427723e-01,2.277750942950949309e+01,2.988565328613840677e+01,1.033179495462172470e+00,1.059240535428462193e+00
3.745000000000000284e+01,2.513644127438181552e-01,-1.755344818053607425e-01,2.277750942950949309e+01,2.988565328613840677e+01,1.033179495462172470e+00,1.059240535428462193e+00
3.750000000000000000e+01,2.510961646196233632e-01,-1.754292321879565852e-01,2.277750942950949309e+01,2.988565328613840677e+01,1.033179495462172470e+00,1.059240535428462193e+00
3.755000000000000426e+01,2.508298154577450756e-01,-1.753157551053542151e-01,2.277750942950949309e+01,2.988565328613840677e+01,1.033179495462172470e+00,1.059240535428462193e+00
3.760000000000000142e+01,2.505653726759349276e-01,-1.751940591136159631e-01,2.277750942950949309e+01,2.988565328613840677e+01,1.033179495462172470e+00,1.059240535428462193e+00
3.764999999999999858e+01,2.503028436311406923e-01,-1.750641531201616863e-01,2.277750942950949309e+01,2.988565328613840677e+01,1.033179495462172470e+00,1.059240535428462193e+00
3.770000000000000284e+01,2.500422356192857354e-01,-1.749260463833734458e-01,2.277750942950949309e+01,2.988565328613840677e+01,1.033179495462172470e+00,1.059240535428462193e+00
3.775000000000000000e+01,2.497835558750504392e-01,-1.747797485121854733e-01,2.277750942950949309e+01,2.988565328613840677e+01,1.033179495462172470e+00,1.059240535428462193e+00
3.780000000000000426e+01,2.495268115716549884e-01,-1.746252694656587057e-01,2.277750942950949309e+01,2.988565328613840677e+01,1.033179495462172470e+00,1.059240535428462193e+00
3.785000000000000142e+01,2.492720098206448465e-01,-1.744626195525412482e-01,2.277750942950949309e+01,2.988565328613840677e+01,1.033179495462172470e+00,1.059240535428462193e+00
3.789999999999999858e+01,2.490191576716773159e-01,-1.742918094308135435e-01,2.277750942950949309e+01,2.988565328613840677e+01,1.033179495462172470e+00,1.059240535428462193e+00
3.795000000000000284e+01,2.487682621123102344e-01,-1.741128501072187473e-01,2.277750942950949309e+01,2.988565328613840677e+01,1.033179495462172470e+00,1.059240535428462193e+00
3.800000000000000000e+01,2.485193300677930317e-01,-1.739257529367788657e-01,2.311635632465264933e+01,3.253354060419756877e+01,1.240534748947524246e+00,8.134875823355112168e-01
3.805000000000000426e+01,2.482723684008587839e-01,-1.737305296222954598e-01,2.311635632465264933e+01,3.253354060419756877e+01,1.240534748947524246e+00,8.134875823355112168e-01
3.810000000000000142e+01,2.480273839115191559e-01,-1.735271922138361678e-01,2.311635632465264933e+01,3.253354060419756877e+01,1.240534748947524246e+00,8.134875823355112168e-01
3.814999999999999858e+01,2.477843833368602033e-01,-1.733157531082062386e-01,2.311635632465264933e+01,3.253354060419756877e+01,1.240534748947524246e+00,8.134875823355112168e-01
3.820000000000000284e+01,2.475433733508411449e-01,-1.730962250484056053e-01,2.311635632465264933e+01,3.253354060419756877e+01,1.240534748947524246e+00,8.134875823355112168e-01
3.825000000000000000e+01,2.473043605640941889e-01,-1.728686211230711089e-01,2.311635632465264933e+01,3.253354060419756877e+01,1.240534748947524246e+00,8.134875823355112168e-01
3.830000000000000426e+01,2.470673515237269968e-01,-1.726329547659042896e-01,2.311635632465264933e+01,3.253354060419756877e+01,1.240534748947524246e+00,8.134875823355112168e-01
3.835000000000000142e+01,2.468323527131262574e-01,-1.723892397550845501e-01,2.311635632465264933e+01,3.253354060419756877e+01,1.240534748947524246e+00,8.134875823355112168e-01
3.840000000000000568e+01,2.465993705517641188e-01,-1.721374902126672490e-01,2.311635632465264933e+01,3.253354060419756877e+01,1.240534748947524246e+00,8.134875823355112168e-01
3.845000000000000284e+01,2.463684113950059262e-01,-1.718777206039683869e-01,2.311635632465264933e+01,3.253354060419756877e+01,1.240534748947524246e+00,8.134875823355112168e-01
3.850000000000000000e+01,2.461394815339199016e-01,-1.716099457369335279e-01,2.311635632465264933e+01,3.253354060419756877e+01,1.240534748947524246e+00,8.134875823355112168e-01
3.855000000000000426e+01,2.459125871950893494e-01,-1.713341807614927603e-01,2.311635632465264933e+01,3.253354060419756877e+01,1.240534748947524246e+00,8.134875823355112168e-01
3.860000000000000142e+01,2.456877345404260837e-01,-1.710504411689016957e-01,2.311635632465264933e+01,3.253354060419756877e+01,1.240534748947524246e+00,8.134875823355112168e-01
3.865000000000000568e+01,2.454649296669865199e-01,-1.707587427910669253e-01,2.311635632465264933e+01,3.253354060419756877e+01,1.240534748947524246e+00,8.134875823355112168e-01
3.870000000000000284e+01,2.452441786067890983e-01,-1.704591017998580427e-01,2.311635632465264933e+01,3.253354060419756877e+01,1.240534748947524246e+00,8.134875823355112168e-01
3.875000000000000000e+01,2.450254873266341504e-01,-1.701515347064047057e-01,2.311635632465264933e+01,3.253354060419756877e+01,1.240534748947524246e+00,8.134875823355112168e-01
3.880000000000000426e+01,2.448088617279254309e-01,-1.698360583603797935e-01,2.311635632465264933e+01,3.253354060419756877e+01,1.240534748947524246e+00,8.134875823355112168e-01
3.885000000000000142e+01,2.445943076464941190e-01,-1.695126899492675476e-01,2.311635632465264933e+01,3.253354060419756877e+01,1.240534748947524246e+00,8.134875823355112168e-01
3.890000000000000568e+01,2.443818308524240424e-01,-1.691814469976183899e-01,2.311635632465264933e+01,3.253354060419756877e+01,1.240534748947524246e+00,8.134875823355112168e-01
3.895000000000000284e+01,2.441714370498795916e-01,-1.688423473662887531e-01,2.311635632465264933e+01,3.253354060419756877e+01,1.240534748947524246e+00,8.134875823355112168e-01
3.900000000000000000e+01,2.439631318769354684e-01,-1.684954092516666446e-01,2.600042265978552081e+01,3.360379267891111255e+01,9.352401134692548412e-01,7.604741892810564785e-01
3.905000000000000426e+01,2.437569209054080421e-01,-1.681406511848835272e-01,2.600042265978552081e+01,3.360379267891111255e+01,9.352401134692548412e-01,7.604741892810564785e-01
3.910000000000000142e+01,2.435528096406894272e-01,-1.677780920310119883e-01,2.600042265978552081e+01,3.360379267891111255e+01,9.352401134692548412e-01,7.604741892810564785e-01
3.915000000000000568e+01,2.433508035215827814e-01,-1.674077509882483383e-01,2.600042265978552081e+01,3.360379267891111255e+01,9.352401134692548412e-01,7.604741892810564785e-01
3.920000000000000284e+01,2.431509079201404355e-01,-1.670296475870828024e-01,2.600042265978552081e+01,3.360379267891111255e+01,9.352401134692548412e-01,7.604741892810564785e-01
3.925000000000000000e+01,2.429531281415033273e-01,-1.666438016894539187e-01,2.600042265978552081e+01,3.360379267891111255e+01,9.352401134692548412e-01,7.604741892810564785e-01
3.930000000000000426e+01,2.427574694237429609e-01,-1.662502334878899202e-01,2.600042265978552081e+01,3.360379267891111255e+01,9.352401134692548412e-01,7.604741892810564785e-01
3.935000000000000142e+01,2.425639369377052268e-01,-1.658489635046362931e-01,2.600042265978552081e+01,3.360379267891111255e+01,9.352401134692548412e-01,7.604741892810564785e-01
3.940000000000000568e+01,2.423725357868562469e-01,-1.654400125907682928e-01,2.600042265978552081e+01,3.360379267891111255e+01,9.352401134692548412e-01,7.604741892810564785e-01
3.945000000000000284e+01,2.421832710071302464e-01,-1.650234019252909690e-01,2.600042265978552081e+01,3.360379267891111255e+01,9.352401134692548412e-01,7.604741892810564785e-01
3.950000000000000000e+01,2.419961475667795903e-01,-1.645991530142242310e-01,2.600042265978552081e+01,3.360379267891111255e+01,9.352401134692548412e-01,7.604741892810564785e-01
3.955000000000000426e+01,2.418111703662268186e-01,-1.641672876896741740e-01,2.600042265978552081e+01,3.360379267891111255e+01,9.352401134692548412e-01,7.604741892810564785e-01
3.960000000000000142e+01,2.416283442379187352e-01,-1.637278281088917486e-01,2.600042265978552081e+01,3.360379267891111255e+01,9.352401134692548412e-01,7.604741892810564785e-01
3.965000000000000568e+01,2.414476739461824395e-01,-1.632807967533159710e-01,2.600042265978552081e+01,3.360379267891111255e+01,9.352401134692548412e-01,7.604741892810564785e-01
3.970000000000000284e+01,2.412691641870838288e-01,-1.628262164276046697e-01,2.600042265978552081e+01,3.360379267891111255e+01,9.352401134692548412e-01,7.604741892810564785e-01
3.975000000000000000e+01,2.410928195882875713e-01,-1.623641102586510510e-01,2.600042265978552081e+01,3.360379267891111255e+01,9.352401134692548412e-01,7.604741892810564785e-01
3.980000000000000426e+01,2.409186447089196048e-01,-1.618945016945869120e-01,2.600042265978552081e+01,3.360379267891111255e+01,9.352401134692548412e-01,7.604741892810564785e-01
3.985000000000000142e+01,2.407466440394318563e-01,-1.614174145037717834e-01,2.600042265978552081e+01,3.360379267891111255e+01,9.352401134692548412e-01,7.604741892810564785e-01
3.990000000000000568e+01,2.405768220014683489e-01,-1.609328727737691367e-01,2.600042265978552081e+01,3.360379267891111255e+01,9.352401134692548412e-01,7.604741892810564785e-01
3.995000000000000284e+01,2.404091829477341402e-01,-1.604409009103087980e-01,2.600042265978552081e+01,3.360379267891111255e+01,9.352401134692548412e-01,7.604741892810564785e-01
4.000000000000000000e+01,2.402437311618660087e-01,-1.599415236362353998e-01,2.530562450223578352e+01,3.326612940490086601e+01,1.443064883929827236e+00,7.134006340322616158e-01
4.005000000000000426e+01,2.400804708583051117e-01,-1.594347659904444825e-01,2.530562450223578352e+01,3.326612940490086601e+01,1.443064883929827236e+00,7.134006340322616158e-01
4.010000000000000142e+01,2.399194061821722790e-01,-1.589206533268047172e-01,2.530562450223578352e+01,3.326612940490086601e+01,1.443064883929827236e+00,7.134006340322616158e-01
4.015000000000000568e+01,2.397605412091445842e-01,-1.583992113130658075e-01,2.530562450223578352e+01,3.326612940490086601e+01,1.443064883929827236e+00,7.134006340322616158e-01
4.020000000000000284e+01,2.396038799453348855e-01,-1.578704659297555102e-01,2.530562450223578352e+01,3.326612940490086601e+01,1.443064883929827236e+00,7.134006340322616158e-01
4.025000000000000000e+01,2.394494263271729484e-01,-1.573344434690607252e-01,2.530562450223578352e+01,3.326612940490086601e+01,1.443064883929827236e+00,7.134006340322616158e-01
4.030000000000000426e+01,2.392971842212887612e-01,-1.567911705336969275e-01,2.530562450223578352e+01,3.326612940490086601e+01,1.443064883929827236e+00,7.134006340322616158e-01
4.035000000000000142e+01,2.391471574243981824e-01,-1.562406740357648594e-01,2.530562450223578352e+01,3.326612940490086601e+01,1.443064883929827236e+00,7.134006340322616158e-01
4.040000000000000568e+01,2.389993496631903358e-01,-1.556829811955926512e-01,2.530562450223578352e+01,3.326612940490086601e+01,1.443064883929827236e+00,7.134006340322616158e-01
4.045000000000000284e+01,2.388537645942176990e-01,-1.551181195405659519e-01,2.530562450223578352e+01,3.326612940490086601e+01,1.443064883929827236e+00,7.134006340322616158e-01
4.050000000000000000e+01,2.387104058037877174e-01,-1.545461169039450411e-01,2.530562450223578352e+01,3.326612940490086601e+01,1.443064883929827236e+00,7.134006340322616158e-01
4.055000000000000426e+01,2.385692768078568615e-01,-1.539670014236685647e-01,2.530562450223578352e+01,3.326612940490086601e+01,1.443064883929827236e+00,7.134006340322616158e-01
4.060000000000000142e+01,2.384303810519268763e-01,-1.533808015411446679e-01,2.530562450223578352e+01,3.326612940490086601e+01,1.443064883929827236e+00,7.134006340322616158e-01
4.065000000000000568e+01,2.382937219109430016e-01,-1.527875460000291674e-01,2.530562450223578352e+01,3.326612940490086601e+01,1.443064883929827236e+00,7.134006340322616158e-01
4.070000000000000284e+01,2.381593026891944687e-01,-1.521872638449914272e-01,2.530562450223578352e+01,3.326612940490086601e+01,1.443064883929827236e+00,7.134006340322616158e-01
4.075000000000000000e+01,2.380271266202170777e-01,-1.515799844204661351e-01,2.530562450223578352e+01,3.326612940490086601e+01,1.443064883929827236e+00,7.134006340322616158e-01
4.080000000000000426e+01,2.378971968666978298e-01,-1.509657373693943094e-01,2.530562450223578352e+01,3.326612940490086601e+01,1.443064883929827236e+00,7.134006340322616158e-01
4.085000000000000142e+01,2.377695165203820293e-01,-1.503445526319505954e-01,2.530562450223578352e+01,3.326612940490086601e+01,1.443064883929827236e+00,7.134006340322616158e-01
4.090000000000000568e+01,2.376440886019819676e-01,-1.497164604442570990e-01,2.530562450223578352e+01,3.326612940490086601e+01,1.443064883929827236e+00,7.134006340322616158e-01
4.095000000000000284e+01,2.375209160610886605e-01,-1.490814913370873129e-01,2.530562450223578352e+01,3.326612940490086601e+01,1.443064883929827236e+00,7.134006340322616158e-01
4.100000000000000000e+01,2.374000017760846681e-01,-1.484396761345543603e-01,2.616606187682730322e+01,3.605418591363633141e+01,1.154557647538773324e+00,6.792358488224082835e-01
4.105000000000000426e+01,2.372813485540599121e-01,-1.477910459527896903e-01,2.616606187682730322e+01,3.605418591363633141e+01,1.154557647538773324e+00,6.792358488224082835e-01
4.110000000000000142e+01,2.371649591307293248e-01,-1.471356321986077853e-01,2.616606187682730322e+01,3.605418591363633141e+01,1.154557647538773324e+00,6.792358488224082835e-01
4.115000000000000568e+01,2.370508361703526912e-01,-1.464734665681582948e-01,2.616606187682730322e+01,3.605418591363633141e+01,1.154557647538773324e+00,6.792358488224082835e-01
4.120000000000000284e+01,2.369389822656566835e-01,-1.458045810455678437e-01,2.616606187682730322e+01,3.605418591363633141e+01,1.154557647538773324e+00,6.792358488224082835e-01
4.125000000000000000e+01,2.368293999377590608e-01,-1.451290079015674916e-01,2.616606187682730322e+01,3.605418591363633141e+01,1.154557647538773324e+00,6.792358488224082835e-01
4.130000000000000426e+01,2.367220916360949778e-01,-1.444467796921089231e-01,2.616606187682730322e+01,3.605418591363633141e+01,1.154557647538773324e+00,6.792358488224082835e-01
4.135000000000000142e+01,2.366170597383457086e-01,-1.437579292569695910e-01,2.616606187682730322e+01,3.605418591363633141e+01,1.154557647538773324e+00,6.792358488224082835e-01
4.140000000000000568e+01,2.365143065503692021e-01,-1.430624897183440658e-01,2.616606187682730322e+01,3.605418591363633141e+01,1.154557647538773324e+00,6.792358488224082835e-01
4.145000000000000284e+01,2.364138343061331360e-01,-1.423604944794243377e-01,2.616606187682730322e+01,3.605418591363633141e+01,1.154557647538773324e+00,6.792358488224082835e-01
4.150000000000000000e+01,2.363156451676498571e-01,-1.416519772229686835e-01,2.616606187682730322e+01,3.605418591363633141e+01,1.154557647538773324e+00,6.792358488224082835e-01
4.155000000000000426e+01,2.362197412249139039e-01,-1.409369719098577112e-01,2.616606187682730322e+01,3.605418591363633141e+01,1.154557647538773324e+00,6.792358488224082835e-01
4.160000000000000142e+01,2.361261244958411942e-01,-1.402155127776393007e-01,2.616606187682730322e+01,3.605418591363633141e+01,1.154557647538773324e+00,6.792358488224082835e-01
4.165000000000000568e+01,2.360347969262109324e-01,-1.394876343390617501e-01,2.616606187682730322e+01,3.605418591363633141e+01,1.154557647538773324e+00,6.792358488224082835e-01
4.170000000000000284e+01,2.359457603896093492e-01,-1.387533713805954028e-01,2.616606187682730322e+01,3.605418591363633141e+01,1.154557647538773324e+00,6.792358488224082835e-01
4.175000000000000000e+01,2.358590166873758276e-01,-1.380127589609417005e-01,2.616606187682730322e+01,3.605418591363633141e+01,1.154557647538773324e+00,6.792358488224082835e-01
4.180000000000000426e+01,2.357745675485509174e-01,-1.372658324095324678e-01,2.616606187682730322e+01,3.605418591363633141e+01,1.154557647538773324e+00,6.792358488224082835e-01
4.185000000000000142e+01,2.356924146298270961e-01,-1.365126273250165667e-01,2.616606187682730322e+01,3.605418591363633141e+01,1.154557647538773324e+00,6.792358488224082835e-01
4.190000000000000568e+01,2.356125595155011410e-01,-1.357531795737346725e-01,2.616606187682730322e+01,3.605418591363633141e+01,1.154557647538773324e+00,6.792358488224082835e-01
4.195000000000000284e+01,2.355350037174291922e-01,-1.349875252881846399e-01,2.616606187682730322e+01,3.605418591363633141e+01,1.154557647538773324e+00,6.792358488224082835e-01
4.200000000000000000e+01,2.354597486749835100e-01,-1.342157008654736583e-01,2.689496926703681723e+01,3.565963640088643416e+01,1.359758106009357537e+00,6.173218106595824706e-01
4.205000000000000426e+01,2.353867957550120071e-01,-1.334377429657597203e-01,2.689496926703681723e+01,3.565963640088643416e+01,1.359758106009357537e+00,6.173218106595824706e-01
4.210000000000000142e+01,2.353161462517994185e-01,-1.326536885106832375e-01,2.689496926703681723e+01,3.565963640088643416e+01,1.359758106009357537e+00,6.173218106595824706e-01
4.215000000000000568e+01,2.352478013870311635e-01,-1.318635746817857779e-01,2.689496926703681723e+01,3.565963640088643416e+01,1.359758106009357537e+00,6.173218106595824706e-01
4.220000000000000284e+01,2.351817623097590682e-01,-1.310674389189188105e-01,2.689496926703681723e+01,3.565963640088643416e+01,1.359758106009357537e+00,6.173218106595824706e-01
4.225000000000000000e+01,2.351180300963694458e-01,-1.302653189186413485e-01,2.689496926703681723e+01,3.565963640088643416e+01,1.359758106009357537e+00,6.173218106595824706e-01
4.230000000000000426e+01,2.350566057505533435e-01,-1.294572526326068507e-01,2.689496926703681723e+01,3.565963640088643416e+01,1.359758106009357537e+00,6.173218106595824706e-01
4.235000000000000142e+01,2.349974902032790358e-01,-1.286432782659390761e-01,2.689496926703681723e+01,3.565963640088643416e+01,1.359758106009357537e+00,6.173218106595824706e-01
4.240000000000000568e+01,2.349406843127667677e-01,-1.278234342755971420e-01,2.689496926703681723e+01,3.565963640088643416e+01,1.359758106009357537e+00,6.173218106595824706e-01
4.245000000000000284e+01,2.348861888644654394e-01,-1.269977593687310335e-01,2.689496926703681723e+01,3.565963640088643416e+01,1.359758106009357537e+00,6.173218106595824706e-01
4.250000000000000000e+01,2.348340045710320401e-01,-1.261662925010241243e-01,2.689496926703681723e+01,3.565963640088643416e+01,1.359758106009357537e+00,6.173218106595824706e-01
4.255000000000000426e+01,2.347841320723124681e-01,-1.253290728750280913e-01,2.689496926703681723e+01,3.565963640088643416e+01,1.359758106009357537e+00,6.173218106595824706e-01
4.260000000000000142e+01,2.347365719353255442e-01,-1.244861399384851880e-01,2.689496926703681723e+01,3.565963640088643416e+01,1.359758106009357537e+00,6.173218106595824706e-01
4.265000000000000568e+01,2.346913246542484677e-01,-1.236375333826412598e-01,2.689496926703681723e+01,3.565963640088643416e+01,1.359758106009357537e+00,6.173218106595824706e-01
4.270000000000000284e+01,2.346483906504048256e-01,-1.227832931405484634e-01,2.689496926703681723e+01,3.565963640088643416e+01,1.359758106009357537e+00,6.173218106595824706e-01
4.275000000000000000e+01,2.346077702722547675e-01,-1.219234593853563281e-01,2.689496926703681723e+01,3.565963640088643416e+01,1.359758106009357537e+00,6.173218106595824706e-01
4.280000000000000426e+01,2.345694637953873174e-01,-1.210580725285950177e-01,2.689496926703681723e+01,3.565963640088643416e+01,1.359758106009357537e+00,6.173218106595824706e-01
4.285000000000000142e+01,2.345334714225150441e-01,-1.201871732184471020e-01,2.689496926703681723e+01,3.565963640088643416e+01,1.359758106009357537e+00,6.173218106595824706e-01
4.290000000000000568e+01,2.344997932834707033e-01,-1.193108023380082816e-01,2.689496926703681723e+01,3.565963640088643416e+01,1.359758106009357537e+00,6.173218106595824706e-01
4.295000000000000284e+01,2.344684294352065157e-01,-1.184290010035411733e-01,2.689496926703681723e+01,3.565963640088643416e+01,1.359758106009357537e+00,6.173218106595824706e-01
4.300000000000000000e+01,2.344393798617950830e-01,-1.175418105627163007e-01,2.650481952301299415e+01,3.644977069093270927e+01,1.173024687718760006e+00,4.599329257214797018e-01
4.305000000000000426e+01,2.344126444744329685e-01,-1.166492725928442303e-01,2.650481952301299415e+01,3.644977069093270927e+01,1.173024687718760006e+00,4.599329257214797018e-01
4.310000000000000142e+01,2.343882231114465253e-01,-1.157514288990994095e-01,2.650481952301299415e+01,3.644977069093270927e+01,1.173024687718760006e+00,4.599329257214797018e-01
4.315000000000000568e+01,2.343661155382993078e-01,-1.148483215127321100e-01,2.650481952301299415e+01,3.644977069093270927e+01,1.173024687718760006e+00,4.599329257214797018e-01
4.320000000000000284e+01,2.343463214476025902e-01,-1.139399926892722542e-01,2.650481952301299415e+01,3.644977069093270927e+01,1.173024687718760006e+00,4.599329257214797018e-01
4.325000000000000000e+01,2.343288404591274965e-01,-1.130264849067233041e-01,2.650481952301299415e+01,3.644977069093270927e+01,1.173024687718760006e+00,4.599329257214797018e-01
4.330000000000000426e+01,2.343136721198193495e-01,-1.121078408637468798e-01,2.650481952301299415e+01,3.644977069093270927e+01,1.173024687718760006e+00,4.599329257214797018e-01
4.335000000000000142e+01,2.343008159038146299e-01,-1.111841034778379977e-01,2.650481952301299415e+01,3.644977069093270927e+01,1.173024687718760006e+00,4.599329257214797018e-01
4.340000000000000568e+01,2.342902712124597941e-01,-1.102553158834906899e-01,2.650481952301299415e+01,3.644977069093270927e+01,1.173024687718760006e+00,4.599329257214797018e-01
4.345000000000000284e+01,2.342820373743322859e-01,-1.093215214303557697e-01,2.650481952301299415e+01,3.644977069093270927e+01,1.173024687718760006e+00,4.599329257214797018e-01
4.350000000000000000e+01,2.342761136452641557e-01,-1.083827636813868428e-01,2.650481952301299415e+01,3.644977069093270927e+01,1.173024687718760006e+00,4.599329257214797018e-01
4.355000000000000426e+01,2.342724992083672908e-01,-1.074390864109805444e-01,2.650481952301299415e+01,3.644977069093270927e+01,1.173024687718760006e+00,4.599329257214797018e-01
4.360000000000000142e+01,2.342711931740614484e-01,-1.064905336031059108e-01,2.650481952301299415e+01,3.644977069093270927e+01,1.173024687718760006e+00,4.599329257214797018e-01
4.365000000000000568e+01,2.342721945801040928e-01,-1.055371494494241058e-01,2.650481952301299415e+01,3.644977069093270927e+01,1.173024687718760006e+00,4.599329257214797018e-01
4.370000000000000284e+01,2.342755023916225643e-01,-1.045789783474022488e-01,2.650481952301299415e+01,3.644977069093270927e+01,1.173024687718760006e+00,4.599329257214797018e-01
4.375000000000000000e+01,2.342811155011484958e-01,-1.036160648984156551e-01,2.650481952301299415e+01,3.644977069093270927e+01,1.173024687718760006e+00,4.599329257214797018e-01
4.380000000000000426e+01,2.342890327286544505e-01,-1.026484539058422768e-01,2.650481952301299415e+01,3.644977069093270927e+01,1.173024687718760006e+00,4.599329257214797018e-01
4.385000000000000142e+01,2.342992528215925574e-01,-1.016761903731503436e-01,2.650481952301299415e+01,3.644977069093270927e+01,1.173024687718760006e+00,4.599329257214797018e-01
4.390000000000000568e+01,2.343117744549356729e-01,-1.006993195019747350e-01,2.650481952301299415e+01,3.644977069093270927e+01,1.173024687718760006e+00,4.599329257214797018e-01
4.395000000000000284e+01,2.343265962312204576e-01,-9.971788669018692708e-02,2.650481952301299415e+01,3.644977069093270927e+01,1.173024687718760006e+00,4.599329257214797018e-01
4.400000000000000000e+01,2.343437166805928396e-01,-9.873193752995591821e-02,2.962287930854104800e+01,3.769265282081212831e+01,1.364934265016029435e+00,5.286774795027013862e-01
4.405000000000000426e+01,2.343631342608555601e-01,-9.774151780580125903e-02,2.962287930854104800e+01,3.769265282081212831e+01,1.364934265016029435e+00,5.286774795027013862e-01
4.410000000000000142e+01,2.343848473575180225e-01,-9.674667349263749161e-02,2.962287930854104800e+01,3.769265282081212831e+01,1.364934265016029435e+00,5.286774795027013862e-01
4.415000000000000568e+01,2.344088542838481393e-01,-9.574745075381092818e-02,2.962287930854104800e+01,3.769265282081212831e+01,1.364934265016029435e+00,5.286774795027013862e-01
4.420000000000000284e+01,2.344351532809267058e-01,-9.474389593912879715e-02,2.962287930854104800e+01,3.769265282081212831e+01,1.364934265016029435e+00,5.286774795027013862e-01
4.425000000000000000e+01,2.344637425177035772e-01,-9.373605558287886885e-02,2.962287930854104800e+01,3.769265282081212831e+01,1.364934265016029435e+00,5.286774795027013862e-01
4.430000000000000426e+01,2.344946200910563994e-01,-9.272397640184369683e-02,2.962287930854104800e+01,3.769265282081212831e+01,1.364934265016029435e+00,5.286774795027013862e-01
4.435000000000000142e+01,2.345277840258512547e-01,-9.170770529330529719e-02,2.962287930854104800e+01,3.769265282081212831e+01,1.364934265016029435e+00,5.286774795027013862e-01
4.440000000000000568e+01,2.345632322750055843e-01,-9.068728933304277817e-02,2.962287930854104800e+01,3.769265282081212831e+01,1.364934265016029435e+00,5.286774795027013862e-01
4.445000000000000284e+01,2.346009627195533576e-01,-8.966277577332312787e-02,2.962287930854104800e+01,3.769265282081212831e+01,1.364934265016029435e+00,5.286774795027013862e-01
4.450000000000000000e+01,2.346409731687124078e-01,-8.863421204088245409e-02,2.962287930854104800e+01,3.769265282081212831e+01,1.364934265016029435e+00,5.286774795027013862e-01
4.455000000000000426e+01,2.346832613599538486e-01,-8.760164573490254736e-02,2.962287930854104800e+01,3.769265282081212831e+01,1.364934265016029435e+00,5.286774795027013862e-01
4.460000000000000142e+01,2.347278249590737387e-01,-8.656512462497882587e-02,2.962287930854104800e+01,3.769265282081212831e+01,1.364934265016029435e+00,5.286774795027013862e-01
4.465000000000000568e+01,2.347746615602669673e-01,-8.552469664907962066e-02,2.962287930854104800e+01,3.769265282081212831e+01,1.364934265016029435e+00,5.286774795027013862e-01
4.470000000000000284e+01,2.348237686862032214e-01,-8.448040991150193579e-02,2.962287930854104800e+01,3.769265282081212831e+01,1.364934265016029435e+00,5.286774795027013862e-01
4.475000000000000000e+01,2.348751437881053117e-01,-8.343231268081661989e-02,2.962287930854104800e+01,3.769265282081212831e+01,1.364934265016029435e+00,5.286774795027013862e-01
4.480000000000000426e+01,2.349287842458292475e-01,-8.238045338780780602e-02,2.962287930854104800e+01,3.769265282081212831e+01,1.364934265016029435e+00,5.286774795027013862e-01
4.485000000000000142e+01,2.349846873679470594e-01,-8.132488062340734181e-02,2.962287930854104800e+01,3.769265282081212831e+01,1.364934265016029435e+00,5.286774795027013862e-01
4.490000000000000568e+01,2.350428503918312595e-01,-8.026564313661913030e-02,2.962287930854104800e+01,3.769265282081212831e+01,1.364934265016029435e+00,5.286774795027013862e-01
4.495000000000000284e+01,2.351032704837419107e-01,-7.920278983243929372e-02,2.962287930854104800e+01,3.769265282081212831e+01,1.364934265016029435e+00,5.286774795027013862e-01
4.500000000000000000e+01,2.351659447389153890e-01,-7.813636976976878756e-02,2.692767623789327303e+01,3.827111778931013930e+01,2.086539597126081169e+00,4.967780506762489723e-01
4.505000000000000426e+01,2.352308701816558101e-01,-7.706643215931961721e-02,2.692767623789327303e+01,3.827111778931013930e+01,2.086539597126081169e+00,4.967780506762489723e-01
4.510000000000000142e+01,2.352980437654280943e-01,-7.599302636151465673e-02,2.692767623789327303e+01,3.827111778931013930e+01,2.086539597126081169e+00,4.967780506762489723e-01
4.515000000000000568e+01,2.353674623729536397e-01,-7.491620188438101458e-02,2.692767623789327303e+01,3.827111778931013930e+01,2.086539597126081169e+00,4.967780506762489723e-01
4.520000000000000284e+01,2.354391228163078831e-01,-7.383600838143801470e-02,2.692767623789327303e+01,3.827111778931013930e+01,2.086539597126081169e+00,4.967780506762489723e-01
4.525000000000000000e+01,2.355130218370199979e-01,-7.275249564957672610e-02,2.692767623789327303e+01,3.827111778931013930e+01,2.086539597126081169e+00,4.967780506762489723e-01
4.530000000000000426e+01,2.355891561061748685e-01,-7.166571362693655023e-02,2.692767623789327303e+01,3.827111778931013930e+01,2.086539597126081169e+00,4.967780506762489723e-01
4.535000000000000142e+01,2.356675222245172008e-01,-7.057571239077407854e-02,2.692767623789327303e+01,3.827111778931013930e+01,2.086539597126081169e+00,4.967780506762489723e-01
4.540000000000000568e+01,2.357481167225575214e-01,-6.948254215532477518e-02,2.692767623789327303e+01,3.827111778931013930e+01,2.086539597126081169e+00,4.967780506762489723e-01
4.545000000000000284e+01,2.358309360606806460e-01,-6.838625326966268902e-02,2.692767623789327303e+01,3.827111778931013930e+01,2.086539597126081169e+00,4.967780506762489723e-01
4.550000000000000000e+01,2.359159766292561466e-01,-6.728689621555029865e-02,2.692767623789327303e+01,3.827111778931013930e+01,2.086539597126081169e+00,4.967780506762489723e-01
4.555000000000000426e+01,2.360032347487508175e-01,-6.618452160528494332e-02,2.692767623789327303e+01,3.827111778931013930e+01,2.086539597126081169e+00,4.967780506762489723e-01
4.560000000000000142e+01,2.360927066698433885e-01,-6.507918017954041068e-02,2.692767623789327303e+01,3.827111778931013930e+01,2.086539597126081169e+00,4.967780506762489723e-01
4.565000000000000568e+01,2.361843885735414594e-01,-6.397092280520080831e-02,2.692767623789327303e+01,3.827111778931013930e+01,2.086539597126081169e+00,4.967780506762489723e-01
4.570000000000000284e+01,2.362782765713002386e-01,-6.285980047319092434e-02,2.692767623789327303e+01,3.827111778931013930e+01,2.086539597126081169e+00,4.967780506762489723e-01
4.575000000000000000e+01,2.363743667051437791e-01,-6.174586429630090495e-02,2.692767623789327303e+01,3.827111778931013930e+01,2.086539597126081169e+00,4.967780506762489723e-01
4.580000000000000426e+01,2.364726549477879358e-01,-6.062916550700478413e-02,2.692767623789327303e+01,3.827111778931013930e+01,2.086539597126081169e+00,4.967780506762489723e-01
4.585000000000000142e+01,2.365731372027658763e-01,-5.950975545527643906e-02,2.692767623789327303e+01,3.827111778931013930e+01,2.086539597126081169e+00,4.967780506762489723e-01
4.590000000000000568e+01,2.366758093045551736e-01,-5.838768560639731597e-02,2.692767623789327303e+01,3.827111778931013930e+01,2.086539597126081169e+00,4.967780506762489723e-01
4.595000000000000284e+01,2.367806670187073692e-01,-5.726300753876176902e-02,2.692767623789327303e+01,3.827111778931013930e+01,2.086539597126081169e+00,4.967780506762489723e-01
4.600000000000000000e+01,2.368877060419796177e-01,-5.613577294167652887e-02,3.249540738518882677e+01,3.978907383568819967e+01,1.292674101780234119e+00,3.885616952677566904e-01
4.605000000000000426e+01,2.369969220024682188e-01,-5.500603361315588302e-02,3.249540738518882677e+01,3.978907383568819967e+01,1.292674101780234119e+00,3.885616952677566904e-01
4.610000000000000142e+01,2.371083104597443147e-01,-5.387384145771186711e-02,3.249540738518882677e+01,3.978907383568819967e+01,1.292674101780234119e+00,3.885616952677566904e-01
4.615000000000000568e+01,2.372218669049916961e-01,-5.273924848414016792e-02,3.249540738518882677e+01,3.978907383568819967e+01,1.292674101780234119e+00,3.885616952677566904e-01
4.620000000000000284e+01,2.373375867611469126e-01,-5.160230680330240433e-02,3.249540738518882677e+01,3.978907383568819967e+01,1.292674101780234119e+00,3.885616952677566904e-01
4.625000000000000000e+01,2.374554653830407425e-01,-5.046306862590167752e-02,3.249540738518882677e+01,3.978907383568819967e+01,1.292674101780234119e+00,3.885616952677566904e-01
4.630000000000000426e+01,2.375754980575427722e-01,-4.932158626025705955e-02,3.249540738518882677e+01,3.978907383568819967e+01,1.292674101780234119e+00,3.885616952677566904e-01
4.635000000000000142e+01,2.376976800037070570e-01,-4.817791211007235036e-02,3.249540738518882677e+01,3.978907383568819967e+01,1.292674101780234119e+00,3.885616952677566904e-01
4.640000000000000568e+01,2.378220063729205580e-01,-4.703209867219931839e-02,3.249540738518882677e+01,3.978907383568819967e+01,1.292674101780234119e+00,3.885616952677566904e-01
4.645000000000000284e+01,2.379484722490531057e-01,-4.588419853440083018e-02,3.249540738518882677e+01,3.978907383568819967e+01,1.292674101780234119e+00,3.885616952677566904e-01
4.650000000000000000e+01,2.380770726486097777e-01,-4.473426437310625003e-02,3.249540738518882677e+01,3.978907383568819967e+01,1.292674101780234119e+00,3.885616952677566904e-01
4.655000000000000426e+01,2.382078025208852201e-01,-4.358234895116475799e-02,3.249540738518882677e+01,3.978907383568819967e+01,1.292674101780234119e+00,3.885616952677566904e-01
4.660000000000000142e+01,2.383406567481198279e-01,-4.242850511559632942e-02,3.249540738518882677e+01,3.978907383568819967e+01,1.292674101780234119e+00,3.885616952677566904e-01
4.665000000000000568e+01,2.384756301456584238e-01,-4.127278579533633085e-02,3.249540738518882677e+01,3.978907383568819967e+01,1.292674101780234119e+00,3.885616952677566904e-01
4.670000000000000284e+01,2.386127174621102687e-01,-4.011524399897881121e-02,3.249540738518882677e+01,3.978907383568819967e+01,1.292674101780234119e+00,3.885616952677566904e-01
4.675000000000000000e+01,2.387519133795117654e-01,-3.895593281251558820e-02,3.249540738518882677e+01,3.978907383568819967e+01,1.292674101780234119e+00,3.885616952677566904e-01
4.680000000000000426e+01,2.388932125134909101e-01,-3.779490539707235780e-02,3.249540738518882677e+01,3.978907383568819967e+01,1.292674101780234119e+00,3.885616952677566904e-01
4.685000000000000142e+01,2.390366094134336039e-01,-3.663221498664118170e-02,3.249540738518882677e+01,3.978907383568819967e+01,1.292674101780234119e+00,3.885616952677566904e-01
4.690000000000000568e+01,2.391820985626523510e-01,-3.546791488581038654e-02,3.249540738518882677e+01,3.978907383568819967e+01,1.292674101780234119e+00,3.885616952677566904e-01
4.695000000000000284e+01,2.393296743785564007e-01,-3.430205846749185411e-02,3.249540738518882677e+01,3.978907383568819967e+01,1.292674101780234119e+00,3.885616952677566904e-01
4.700000000000000000e+01,2.394793312128247198e-01,-3.313469917064326004e-02,3.257316044689735435e+01,3.829637900672832984e+01,1.472432077505971382e+00,3.923892941302449255e-01
4.705000000000000426e+01,2.396310633515800759e-01,-3.196589049799072879e-02,3.257316044689735435e+01,3.829637900672832984e+01,1.472432077505971382e+00,3.923892941302449255e-01
4.710000000000000142e+01,2.397848650155656736e-01,-3.079568601374695416e-02,3.257316044689735435e+01,3.829637900672832984e+01,1.472432077505971382e+00,3.923892941302449255e-01
4.715000000000000568e+01,2.399407303603237063e-01,-2.962413934132552759e-02,3.257316044689735435e+01,3.829637900672832984e+01,1.472432077505971382e+00,3.923892941302449255e-01
4.720000000000000284e+01,2.400986534763756008e-01,-2.845130416105633511e-02,3.257316044689735435e+01,3.829637900672832984e+01,1.472432077505971382e+00,3.923892941302449255e-01
4.725000000000000000e+01,2.402586283894045660e-01,-2.727723420789480990e-02,3.257316044689735435e+01,3.829637900672832984e+01,1.472432077505971382e+00,3.923892941302449255e-01
4.730000000000000426e+01,2.404206490604400281e-01,-2.610198326913048053e-02,3.257316044689735435e+01,3.829637900672832984e+01,1.472432077505971382e+00,3.923892941302449255e-01
4.735000000000000142e+01,2.405847093860437602e-01,-2.492560518209484613e-02,3.257316044689735435e+01,3.829637900672832984e+01,1.472432077505971382e+00,3.923892941302449255e-01
4.740000000000000568e+01,2.407508031984985364e-01,-2.374815383186323556e-02,3.257316044689735435e+01,3.829637900672832984e+01,1.472432077505971382e+00,3.923892941302449255e-01
4.745000000000000284e+01,2.409189242659980357e-01,-2.256968314895939007e-02,3.257316044689735435e+01,3.829637900672832984e+01,1.472432077505971382e+00,3.923892941302449255e-01
4.750000000000000000e+01,2.410890662928392991e-01,-2.139024710705406118e-02,3.257316044689735435e+01,3.829637900672832984e+01,1.472432077505971382e+00,3.923892941302449255e-01
4.755000000000000426e+01,2.412612229196168523e-01,-2.020989972066353571e-02,3.257316044689735435e+01,3.829637900672832984e+01,1.472432077505971382e+00,3.923892941302449255e-01
4.760000000000000142e+01,2.414353877234186319e-01,-1.902869504284769239e-02,3.257316044689735435e+01,3.829637900672832984e+01,1.472432077505971382e+00,3.923892941302449255e-01
4.765000000000000568e+01,2.416115542180241604e-01,-1.784668716290365234e-02,3.257316044689735435e+01,3.829637900672832984e+01,1.472432077505971382e+00,3.923892941302449255e-01
4.770000000000000284e+01,2.417897158541044700e-01,-1.666393020405994296e-02,3.257316044689735435e+01,3.829637900672832984e+01,1.472432077505971382e+00,3.923892941302449255e-01
4.775000000000000000e+01,2.419698660194237461e-01,-1.548047832116857501e-02,3.257316044689735435e+01,3.829637900672832984e+01,1.472432077505971382e+00,3.923892941302449255e-01
4.780000000000000426e+01,2.421519980390435256e-01,-1.429638569839586371e-02,3.257316044689735435e+01,3.829637900672832984e+01,1.472432077505971382e+00,3.923892941302449255e-01
4.785000000000000142e+01,2.423361051755278661e-01,-1.311170654691178050e-02,3.257316044689735435e+01,3.829637900672832984e+01,1.472432077505971382e+00,3.923892941302449255e-01
4.790000000000000568e+01,2.425221806291512905e-01,-1.192649510257846879e-02,3.257316044689735435e+01,3.829637900672832984e+01,1.472432077505971382e+00,3.923892941302449255e-01
4.795000000000000284e+01,2.427102175381080640e-01,-1.074080562363825993e-02,3.257316044689735435e+01,3.829637900672832984e+01,1.472432077505971382e+00,3.923892941302449255e-01
4.800000000000000000e+01,2.429002089787235530e-01,-9.554692388398426314e-03,3.327197037223834286e+01,3.977131924489370363e+01,1.692193249872326444e+00,3.830770116103026646e-01
4.805000000000000426e+01,2.430921479656675543e-01,-8.368209692918333539e-03,3.327197037223834286e+01,3.977131924489370363e+01,1.692193249872326444e+00,3.830770116103026646e-01
4.810000000000000142e+01,2.432860274521692068e-01,-7.181411848694231603e-03,3.327197037223834286e+01,3.977131924489370363e+01,1.692193249872326444e+00,3.830770116103026646e-01
4.815000000000000568e+01,2.434818403302341228e-01,-5.994353180341753691e-03,3.327197037223834286e+01,3.977131924489370363e+01,1.692193249872326444e+00,3.830770116103026646e-01
4.820000000000000284e+01,2.436795794308631580e-01,-4.807088023281877454e-03,3.327197037223834286e+01,3.977131924489370363e+01,1.692193249872326444e+00,3.830770116103026646e-01
4.825000000000000000e+01,2.438792375242730959e-01,-3.619670721422405067e-03,3.327197037223834286e+01,3.977131924489370363e+01,1.692193249872326444e+00,3.830770116103026646e-01
4.830000000000000426e+01,2.440808073201191919e-01,-2.432155624840748667e-03,3.327197037223834286e+01,3.977131924489370363e+01,1.692193249872326444e+00,3.830770116103026646e-01
4.835000000000000142e+01,2.442842814677193275e-01,-1.244597087468050662e-03,3.327197037223834286e+01,3.977131924489370363e+01,1.692193249872326444e+00,3.830770116103026646e-01
4.840000000000000568e+01,2.444896525562806067e-01,-5.704946476990245714e-05,3.327197037223834286e+01,3.977131924489370363e+01,1.692193249872326444e+00,3.830770116103026646e-01
4.845000000000000284e+01,2.446969131151269516e-01,1.130432888570685572e-03,3.327197037223834286e+01,3.977131924489370363e+01,1.692193249872326444e+00,3.830770116103026646e-01
4.850000000000000000e+01,2.449060556139293077e-01,2.317795620970797017e-03,3.327197037223834286e+01,3.977131924489370363e+01,1.692193249872326444e+00,3.830770116103026646e-01
4.855000000000000426e+01,2.451170724629370412e-01,3.504984386265365664e-03,3.327197037223834286e+01,3.977131924489370363e+01,1.692193249872326444e+00,3.830770116103026646e-01
4.860000000000000142e+01,2.453299560132115309e-01,4.691944846024359919e-03,3.327197037223834286e+01,3.977131924489370363e+01,1.692193249872326444e+00,3.830770116103026646e-01
4.865000000000000568e+01,2.455446985568613405e-01,5.878622671869835822e-03,3.327197037223834286e+01,3.977131924489370363e+01,1.692193249872326444e+00,3.830770116103026646e-01
4.870000000000000284e+01,2.457612923272792793e-01,7.064963547791803730e-03,3.327197037223834286e+01,3.977131924489370363e+01,1.692193249872326444e+00,3.830770116103026646e-01
4.875000000000000000e+01,2.459797294993813499e-01,8.250913172465700052e-03,3.327197037223834286e+01,3.977131924489370363e+01,1.692193249872326444e+00,3.830770116103026646e-01
4.880000000000000426e+01,2.462000021898472224e-01,9.436417261566409920e-03,3.327197037223834286e+01,3.977131924489370363e+01,1.692193249872326444e+00,3.830770116103026646e-01
4.885000000000000142e+01,2.464221024573626517e-01,1.062142155008283587e-02,3.327197037223834286e+01,3.977131924489370363e+01,1.692193249872326444e+00,3.830770116103026646e-01
4.890000000000000568e+01,2.466460223028635879e-01,1.180587179463342233e-02,3.327197037223834286e+01,3.977131924489370363e+01,1.692193249872326444e+00,3.830770116103026646e-01
4.895000000000000284e+01,2.468717536697821457e-01,1.298971377577664600e-02,3.327197037223834286e+01,3.977131924489370363e+01,1.692193249872326444e+00,3.830770116103026646e-01
4.900000000000000000e+01,2.470992884442941295e-01,1.417289330032530346e-02,3.486269090572077545e+01,4.163436583713218653e+01,1.581403023729117674e+00,3.814462359709165362e-01
4.905000000000000426e+01,2.473286184555686107e-01,1.535535620365574561e-02,3.486269090572077545e+01,4.163436583713218653e+01,1.581403023729117674e+00,3.814462359709165362e-01
4.910000000000000142e+01,2.475597354760186997e-01,1.653704835201739304e-02,3.486269090572077545e+01,4.163436583713218653e+01,1.581403023729117674e+00,3.814462359709165362e-01
4.915000000000000568e+01,2.477926312215548710e-01,1.771791564484268347e-02,3.486269090572077545e+01,4.163436583713218653e+01,1.581403023729117674e+00,3.814462359709165362e-01
4.920000000000000284e+01,2.480272973518389268e-01,1.889790401705172818e-02,3.486269090572077545e+01,4.163436583713218653e+01,1.581403023729117674e+00,3.814462359709165362e-01
4.925000000000000000e+01,2.482637254705408469e-01,2.007695944135913513e-02,3.486269090572077545e+01,4.163436583713218653e+01,1.581403023729117674e+00,3.814462359709165362e-01
4.930000000000000426e+01,2.485019071255962775e-01,2.125502793057800280e-02,3.486269090572077545e+01,4.163436583713218653e+01,1.581403023729117674e+00,3.814462359709165362e-01
4.935000000000000142e+01,2.487418338094664061e-01,2.243205553992035084e-02,3.486269090572077545e+01,4.163436583713218653e+01,1.581403023729117674e+00,3.814462359709165362e-01
4.940000000000000568e+01,2.489834969593993919e-01,2.360798836929904609e-02,3.486269090572077545e+01,4.163436583713218653e+01,1.581403023729117674e+00,3.814462359709165362e-01
4.945000000000000284e+01,2.492268879576931273e-01,2.478277256562554445e-02,3.486269090572077545e+01,4.163436583713218653e+01,1.581403023729117674e+00,3.814462359709165362e-01
4.950000000000000000e+01,2.494719981319601376e-01,2.595635432510618942e-02,3.486269090572077545e+01,4.163436583713218653e+01,1.581403023729117674e+00,3.814462359709165362e-01
4.955000000000000426e+01,2.497188187553939787e-01,2.712867989553674475e-02,3.486269090572077545e+01,4.163436583713218653e+01,1.581403023729117674e+00,3.814462359709165362e-01
4.960000000000000142e+01,2.499673410470368284e-01,2.829969557859439433e-02,3.486269090572077545e+01,4.163436583713218653e+01,1.581403023729117674e+00,3.814462359709165362e-01
4.965000000000000568e+01,2.502175561720497710e-01,2.946934773212775416e-02,3.486269090572077545e+01,4.163436583713218653e+01,1.581403023729117674e+00,3.814462359709165362e-01
4.970000000000000284e+01,2.504694552419834963e-01,3.063758277244364378e-02,3.486269090572077545e+01,4.163436583713218653e+01,1.581403023729117674e+00,3.814462359709165362e-01
4.975000000000000000e+01,2.507230293150515821e-01,3.180434717659353511e-02,3.486269090572077545e+01,4.163436583713218653e+01,1.581403023729117674e+00,3.814462359709165362e-01
4.980000000000000426e+01,2.509782693964048850e-01,3.296958748465465827e-02,3.486269090572077545e+01,4.163436583713218653e+01,1.581403023729117674e+00,3.814462359709165362e-01
4.985000000000000142e+01,2.512351664384077088e-01,3.413325030200964338e-02,3.486269090572077545e+01,4.163436583713218653e+01,1.581403023729117674e+00,3.814462359709165362e-01
4.990000000000000568e+01,2.514937113409156377e-01,3.529528230162526370e-02,3.486269090572077545e+01,4.163436583713218653e+01,1.581403023729117674e+00,3.814462359709165362e-01
4.995000000000000284e+01,2.517538949515547020e-01,3.645563022632417050e-02,3.486269090572077545e+01,4.163436583713218653e+01,1.581403023729117674e+00,3.814462359709165362e-01
5.000000000000000000e+01,2.520157080660024307e-01,3.761424089105768614e-02,3.545113499716969585e+01,4.071126750216934909e+01,1.649692224971602839e+00,3.550917943333234961e-01
5.005000000000000426e+01,2.522791414282705702e-01,3.877106118517412159e-02,3.545113499716969585e+01,4.071126750216934909e+01,1.649692224971602839e+00,3.550917943333234961e-01
5.010000000000000142e+01,2.525441857309886906e-01,3.992603807468204230e-02,3.545113499716969585e+01,4.071126750216934909e+01,1.649692224971602839e+00,3.550917943333234961e-01
5.015000000000000568e+01,2.528108316156902347e-01,4.107911860451375630e-02,3.545113499716969585e+01,4.071126750216934909e+01,1.649692224971602839e+00,3.550917943333234961e-01
5.020000000000000284e+01,2.530790696730995659e-01,4.223024990078293184e-02,3.545113499716969585e+01,4.071126750216934909e+01,1.649692224971602839e+00,3.550917943333234961e-01
5.025000000000000000e+01,2.533488904434207378e-01,4.337937917303953672e-02,3.545113499716969585e+01,4.071126750216934909e+01,1.649692224971602839e+00,3.550917943333234961e-01
5.030000000000000426e+01,2.536202844166278170e-01,4.452645371652146772e-02,3.545113499716969585e+01,4.071126750216934909e+01,1.649692224971602839e+00,3.550917943333234961e-01
5.035000000000000142e+01,2.538932420327564277e-01,4.567142091440222484e-02,3.545113499716969585e+01,4.071126750216934909e+01,1.649692224971602839e+00,3.550917943333234961e-01
5.040000000000000568e+01,2.541677536821976835e-01,4.681422824003519945e-02,3.545113499716969585e+01,4.071126750216934909e+01,1.649692224971602839e+00,3.550917943333234961e-01
5.045000000000000284e+01,2.544438097059921189e-01,4.795482325919313282e-02,3.545113499716969585e+01,4.071126750216934909e+01,1.649692224971602839e+00,3.550917943333234961e-01
5.050000000000000000e+01,2.547214003961269513e-01,4.909315363230600665e-02,3.545113499716969585e+01,4.071126750216934909e+01,1.649692224971602839e+00,3.550917943333234961e-01
5.055000000000000426e+01,2.550005159958333989e-01,5.022916711669191125e-02,3.545113499716969585e+01,4.071126750216934909e+01,1.649692224971602839e+00,3.550917943333234961e-01
5.060000000000000142e+01,2.552811466998857193e-01,5.136281156878597098e-02,3.545113499716969585e+01,4.071126750216934909e+01,1.649692224971602839e+00,3.550917943333234961e-01
5.065000000000000568e+01,2.555632826549028569e-01,5.249403494636446094e-02,3.545113499716969585e+01,4.071126750216934909e+01,1.649692224971602839e+00,3.550917943333234961e-01
5.070000000000000284e+01,2.558469139596497022e-01,5.362278531076376809e-02,3.545113499716969585e+01,4.071126750216934909e+01,1.649692224971602839e+00,3.550917943333234961e-01
5.075000000000000000e+01,2.561320306653416257e-01,5.474901082909733319e-02,3.545113499716969585e+01,4.071126750216934909e+01,1.649692224971602839e+00,3.550917943333234961e-01
5.080000000000000426e+01,2.564186227759489012e-01,5.587265977646521664e-02,3.545113499716969585e+01,4.071126750216934909e+01,1.649692224971602839e+00,3.550917943333234961e-01
5.085000000000000142e+01,2.567066802485039601e-01,5.699368053816026430e-02,3.545113499716969585e+01,4.071126750216934909e+01,1.649692224971602839e+00,3.550917943333234961e-01
5.090000000000000568e+01,2.569961929934088118e-01,5.811202161187160181e-02,3.545113499716969585e+01,4.071126750216934909e+01,1.649692224971602839e+00,3.550917943333234961e-01
5.095000000000000284e+01,2.572871508747447411e-01,5.922763160987914999e-02,3.545113499716969585e+01,4.071126750216934909e+01,1.649692224971602839e+00,3.550917943333234961e-01
5.100000000000000000e+01,2.575795437105833363e-01,6.034045926124730758e-02,3.955757667478076911e+01,3.865935018334616302e+01,1.389938210551535436e+00,3.962253646644730565e-01
5.105000000000000426e+01,2.578733612732982960e-01,6.145045341401220856e-02,3.955757667478076911e+01,3.865935018334616302e+01,1.389938210551535436e+00,3.962253646644730565e-01
5.110000000000000142e+01,2.581685932898792335e-01,6.255756303736223489e-02,3.955757667478076911e+01,3.865935018334616302e+01,1.389938210551535436e+00,3.962253646644730565e-01
5.115000000000000568e+01,2.584652294422468688e-01,6.366173722381665567e-02,3.955757667478076911e+01,3.865935018334616302e+01,1.389938210551535436e+00,3.962253646644730565e-01
5.120000000000000284e+01,2.587632593675690540e-01,6.476292519139661974e-02,3.955757667478076911e+01,3.865935018334616302e+01,1.389938210551535436e+00,3.962253646644730565e-01
5.125000000000000000e+01,2.590626726585787409e-01,6.586107628579161710e-02,3.955757667478076911e+01,3.865935018334616302e+01,1.389938210551535436e+00,3.962253646644730565e-01
5.130000000000000426e+01,2.593634588638931704e-01,6.695613998252071541e-02,3.955757667478076911e+01,3.865935018334616302e+01,1.389938210551535436e+00,3.962253646644730565e-01
5.135000000000000142e+01,2.596656074883337273e-01,6.804806588908791920e-02,3.955757667478076911e+01,3.865935018334616302e+01,1.389938210551535436e+00,3.962253646644730565e-01
5.140000000000000568e+01,2.599691079932485160e-01,6.913680374713246368e-02,3.955757667478076911e+01,3.865935018334616302e+01,1.389938210551535436e+00,3.962253646644730565e-01
5.145000000000000284e+01,2.602739497968347138e-01,7.022230343457215584e-02,3.955757667478076911e+01,3.865935018334616302e+01,1.389938210551535436e+00,3.962253646644730565e-01
5.150000000000000000e+01,2.605801222744633661e-01,7.130451496774362075e-02,3.955757667478076911e+01,3.865935018334616302e+01,1.389938210551535436e+00,3.962253646644730565e-01
5.155000000000000426e+01,2.608876147590050154e-01,7.238338850353340237e-02,3.955757667478076911e+01,3.865935018334616302e+01,1.389938210551535436e+00,3.962253646644730565e-01
5.160000000000000142e+01,2.611964165411565508e-01,7.345887434150481787e-02,3.955757667478076911e+01,3.865935018334616302e+01,1.389938210551535436e+00,3.962253646644730565e-01
5.165000000000000568e+01,2.615065168697696674e-01,7.453092292602016278e-02,3.955757667478076911e+01,3.865935018334616302e+01,1.389938210551535436e+00,3.962253646644730565e-01
5.170000000000000284e+01,2.618179049521801582e-01,7.559948484835304905e-02,3.955757667478076911e+01,3.865935018334616302e+01,1.389938210551535436e+00,3.962253646644730565e-01
5.175000000000000000e+01,2.621305699545389833e-01,7.666451084879831457e-02,3.955757667478076911e+01,3.865935018334616302e+01,1.389938210551535436e+00,3.962253646644730565e-01
5.180000000000000426e+01,2.624445010021442259e-01,7.772595181877411941e-02,3.955757667478076911e+01,3.865935018334616302e+01,1.389938210551535436e+00,3.962253646644730565e-01
5.185000000000000142e+01,2.627596871797741596e-01,7.878375880291610400e-02,3.955757667478076911e+01,3.865935018334616302e+01,1.389938210551535436e+00,3.962253646644730565e-01
5.190000000000000568e+01,2.630761175320223133e-01,7.983788300116820280e-02,3.955757667478076911e+01,3.865935018334616302e+01,1.389938210551535436e+00,3.962253646644730565e-01
5.195000000000000284e+01,2.633937810636325372e-01,8.088827577086438181e-02,3.955757667478076911e+01,3.865935018334616302e+01,1.389938210551535436e+00,3.962253646644730565e-01
5.200000000000000000e+01,2.637126667398365099e-01,8.193488862880456136e-02,4.013716290658404517e+01,4.086593199725222547e+01,1.440090579399600390e+00,4.542444110677729130e-01
5.205000000000000426e+01,2.640327634866918571e-01,8.297767325332465471e-02,4.013716290658404517e+01,4.086593199725222547e+01,1.440090579399600390e+00,4.542444110677729130e-01
5.210000000000000142e+01,2.643540601914209920e-01,8.401658148635729462e-02,4.013716290658404517e+01,4.086593199725222547e+01,1.440090579399600390e+00,4.542444110677729130e-01
5.215000000000000568e+01,2.646765457027524526e-01,8.505156533548903497e-02,4.013716290658404517e+01,4.086593199725222547e+01,1.440090579399600390e+00,4.542444110677729130e-01
5.220000000000000284e+01,2.650002088312618520e-01,8.608257697600714409e-02,4.013716290658404517e+01,4.086593199725222547e+01,1.440090579399600390e+00,4.542444110677729130e-01
5.225000000000000000e+01,2.653250383497152698e-01,8.710956875294276203e-02,4.013716290658404517e+01,4.086593199725222547e+01,1.440090579399600390e+00,4.542444110677729130e-01
5.230000000000000426e+01,2.656510229934131995e-01,8.813249318310326097e-02,4.013716290658404517e+01,4.086593199725222547e+01,1.440090579399600390e+00,4.542444110677729130e-01
5.235000000000000142e+01,2.659781514605353281e-01,8.915130295710022024e-02,4.013716290658404517e+01,4.086593199725222547e+01,1.440090579399600390e+00,4.542444110677729130e-01
5.240000000000000568e+01,2.663064124124872589e-01,9.016595094136869992e-02,4.013716290658404517e+01,4.086593199725222547e+01,1.440090579399600390e+00,4.542444110677729130e-01
5.245000000000000284e+01,2.666357944742478447e-01,9.117639018017863195e-02,4.013716290658404517e+01,4.086593199725222547e+01,1.440090579399600390e+00,4.542444110677729130e-01
5.250000000000000000e+01,2.669662862347174648e-01,9.218257389764099308e-02,4.013716290658404517e+01,4.086593199725222547e+01,1.440090579399600390e+00,4.542444110677729130e-01
5.255000000000000426e+01,2.672978762470680225e-01,9.318445549970318098e-02,4.013716290658404517e+01,4.086593199725222547e+01,1.440090579399600390e+00,4.542444110677729130e-01
5.260000000000000142e+01,2.676305530290931101e-01,9.418198857613857555e-02,4.013716290658404517e+01,4.086593199725222547e+01,1.440090579399600390e+00,4.542444110677729130e-01
5.265000000000000568e+01,2.679643050635606150e-01,9.517512690252924457e-02,4.013716290658404517e+01,4.086593199725222547e+01,1.440090579399600390e+00,4.542444110677729130e-01
5.270000000000000284e+01,2.682991207985644944e-01,9.616382444223768589e-02,4.013716290658404517e+01,4.086593199725222547e+01,1.440090579399600390e+00,4.542444110677729130e-01
5.275000000000000000e+01,2.686349886478796578e-01,9.714803534837385124e-02,4.013716290658404517e+01,4.086593199725222547e+01,1.440090579399600390e+00,4.542444110677729130e-01
5.280000000000000426e+01,2.689718969913164059e-01,9.812771396575284411e-02,4.013716290658404517e+01,4.086593199725222547e+01,1.440090579399600390e+00,4.542444110677729130e-01
5.285000000000000142e+01,2.693098341750764790e-01,9.910281483284320847e-02,4.013716290658404517e+01,4.086593199725222547e+01,1.440090579399600390e+00,4.542444110677729130e-01
5.290000000000000568e+01,2.696487885121102157e-01,1.000732926837095693e-01,4.013716290658404517e+01,4.086593199725222547e+01,1.440090579399600390e+00,4.542444110677729130e-01
5.295000000000000284e+01,2.699887482824742113e-01,1.010391024499451285e-01,4.013716290658404517e+01,4.086593199725222547e+01,1.440090579399600390e+00,4.542444110677729130e-01
5.300000000000000000e+01,2.703297017336908081e-01,1.020001992625966108e-01,4.335652638550921978e+01,4.240626003246074305e+01,1.595425844263591131e+00,5.395834195132689359e-01
5.305000000000000426e+01,2.706716370811078631e-01,1.029565384540801765e-01,4.335652638550921978e+01,4.240626003246074305e+01,1.595425844263591131e+00,5.395834195132689359e-01
5.310000000000000142e+01,2.710145425082595705e-01,1.039080755600896577e-01,4.335652638550921978e+01,4.240626003246074305e+01,1.595425844263591131e+00,5.395834195132689359e-01
5.315000000000000568e+01,2.713584061672288938e-01,1.048547663214954295e-01,4.335652638550921978e+01,4.240626003246074305e+01,1.595425844263591131e+00,5.395834195132689359e-01
5.320000000000000284e+01,2.717032161790097766e-01,1.057965666862344667e-01,4.335652638550921978e+01,4.240626003246074305e+01,1.595425844263591131e+00,5.395834195132689359e-01
5.325000000000000000e+01,2.720489606338719057e-01,1.067334328111934072e-01,4.335652638550921978e+01,4.240626003246074305e+01,1.595425844263591131e+00,5.395834195132689359e-01
5.330000000000000426e+01,2.723956275917246428e-01,1.076653210640800273e-01,4.335652638550921978e+01,4.240626003246074305e+01,1.595425844263591131e+00,5.395834195132689359e-01
5.335000000000000142e+01,2.727432050824832865e-01,1.085921880252874727e-01,4.335652638550921978e+01,4.240626003246074305e+01,1.595425844263591131e+00,5.395834195132689359e-01
5.340000000000000568e+01,2.730916811064355576e-01,1.095139904897502736e-01,4.335652638550921978e+01,4.240626003246074305e+01,1.595425844263591131e+00,5.395834195132689359e-01
5.345000000000000284e+01,2.734410436346090267e-01,1.104306854687886474e-01,4.335652638550921978e+01,4.240626003246074305e+01,1.595425844263591131e+00,5.395834195132689359e-01
5.350000000000000000e+01,2.737912806091398199e-01,1.113422301919463064e-01,4.335652638550921978e+01,4.240626003246074305e+01,1.595425844263591131e+00,5.395834195132689359e-01
5.355000000000000426e+01,2.741423799436415454e-01,1.122485821088181346e-01,4.335652638550921978e+01,4.240626003246074305e+01,1.595425844263591131e+00,5.395834195132689359e-01
5.360000000000000142e+01,2.744943295235758862e-01,1.131496988908671092e-01,4.335652638550921978e+01,4.240626003246074305e+01,1.595425844263591131e+00,5.395834195132689359e-01
5.365000000000000568e+01,2.748471172066234147e-01,1.140455384332344224e-01,4.335652638550921978e+01,4.240626003246074305e+01,1.595425844263591131e+00,5.395834195132689359e-01
5.370000000000000284e+01,2.752007308230552396e-01,1.149360588565381952e-01,4.335652638550921978e+01,4.240626003246074305e+01,1.595425844263591131e+00,5.395834195132689359e-01
5.375000000000000000e+01,2.755551581761064295e-01,1.158212185086632401e-01,4.335652638550921978e+01,4.240626003246074305e+01,1.595425844263591131e+00,5.395834195132689359e-01
5.380000000000000426e+01,2.759103870423488258e-01,1.167009759665418728e-01,4.335652638550921978e+01,4.240626003246074305e+01,1.595425844263591131e+00,5.395834195132689359e-01
5.385000000000000142e+01,2.762664051720657432e-01,1.175752900379233301e-01,4.335652638550921978e+01,4.240626003246074305e+01,1.595425844263591131e+00,5.395834195132689359e-01
5.390000000000000568e+01,2.766232002896271136e-01,1.184441197631354165e-01,4.335652638550921978e+01,4.240626003246074305e+01,1.595425844263591131e+00,5.395834195132689359e-01
5.395000000000000284e+01,2.769807600938654635e-01,1.193074244168350617e-01,4.335652638550921978e+01,4.240626003246074305e+01,1.595425844263591131e+00,5.395834195132689359e-01
5.400000000000000000e+01,2.773390722584522794e-01,1.201651635097493315e-01,4.409573789561577684e+01,4.628402956171881044e+01,1.215173237056879962e+00,4.302295690399496886e-01
5.405000000000000426e+01,2.776981244322762610e-01,1.210172967904062785e-01,4.409573789561577684e+01,4.628402956171881044e+01,1.215173237056879962e+00,4.302295690399496886e-01
5.410000000000000142e+01,2.780579042398208522e-01,1.218637842468562466e-01,4.409573789561577684e+01,4.628402956171881044e+01,1.215173237056879962e+00,4.302295690399496886e-01
5.415000000000000568e+01,2.784183992815434938e-01,1.227045861083823075e-01,4.409573789561577684e+01,4.628402956171881044e+01,1.215173237056879962e+00,4.302295690399496886e-01
5.420000000000000284e+01,2.787795971342553747e-01,1.235396628472005404e-01,4.409573789561577684e+01,4.628402956171881044e+01,1.215173237056879962e+00,4.302295690399496886e-01
5.425000000000000000e+01,2.791414853515019612e-01,1.243689751801516363e-01,4.409573789561577684e+01,4.628402956171881044e+01,1.215173237056879962e+00,4.302295690399496886e-01
5.430000000000000426e+01,2.795040514639440810e-01,1.251924840703794173e-01,4.409573789561577684e+01,4.628402956171881044e+01,1.215173237056879962e+00,4.302295690399496886e-01
5.435000000000000142e+01,2.798672829797395623e-01,1.260101507290007916e-01,4.409573789561577684e+01,4.628402956171881044e+01,1.215173237056879962e+00,4.302295690399496886e-01
5.440000000000000568e+01,2.802311673849260942e-01,1.268219366167656903e-01,4.409573789561577684e+01,4.628402956171881044e+01,1.215173237056879962e+00,4.302295690399496886e-01
5.445000000000000284e+01,2.805956921438043095e-01,1.276278034457040689e-01,4.409573789561577684e+01,4.628402956171881044e+01,1.215173237056879962e+00,4.302295690399496886e-01
5.450000000000000000e+01,2.809608446993218100e-01,1.284277131807648187e-01,4.409573789561577684e+01,4.628402956171881044e+01,1.215173237056879962e+00,4.302295690399496886e-01
5.455000000000000426e+01,2.813266124734576379e-01,1.292216280414431873e-01,4.409573789561577684e+01,4.628402956171881044e+01,1.215173237056879962e+00,4.302295690399496886e-01
5.460000000000000142e+01,2.816929828676069114e-01,1.300095105033957643e-01,4.409573789561577684e+01,4.628402956171881044e+01,1.215173237056879962e+00,4.302295690399496886e-01
5.465000000000000568e+01,2.820599432629677383e-01,1.307913233000473907e-01,4.409573789561577684e+01,4.628402956171881044e+01,1.215173237056879962e+00,4.302295690399496886e-01
5.470000000000000284e+01,2.824274810209266295e-01,1.315670294241853278e-01,4.409573789561577684e+01,4.628402956171881044e+01,1.215173237056879962e+00,4.302295690399496886e-01
5.475000000000000000e+01,2.827955834834460225e-01,1.323365921295427405e-01,4.409573789561577684e+01,4.628402956171881044e+01,1.215173237056879962e+00,4.302295690399496886e-01
5.480000000000000426e+01,2.831642379734519710e-01,1.330999749323717174e-01,4.409573789561577684e+01,4.628402956171881044e+01,1.215173237056879962e+00,4.302295690399496886e-01
5.485000000000000142e+01,2.835334317952217242e-01,1.338571416130045488e-01,4.409573789561577684e+01,4.628402956171881044e+01,1.215173237056879962e+00,4.302295690399496886e-01
5.490000000000000568e+01,2.839031522347734704e-01,1.346080562174041262e-01,4.409573789561577684e+01,4.628402956171881044e+01,1.215173237056879962e+00,4.302295690399496886e-01
5.495000000000000284e+01,2.842733865602547483e-01,1.353526830587028496e-01,4.409573789561577684e+01,4.628402956171881044e+01,1.215173237056879962e+00,4.302295690399496886e-01
5.500000000000000000e+01,2.846441220223329682e-01,1.360909867187311273e-01,4.449709678666320656e+01,4.500308410308325335e+01,1.266518843797546534e+00,6.720370563865832869e-01
5.505000000000000426e+01,2.850153458545854890e-01,1.368229320495332191e-01,4.449709678666320656e+01,4.500308410308325335e+01,1.266518843797546534e+00,6.720370563865832869e-01
5.510000000000000142e+01,2.853870452738905272e-01,1.375484841748720044e-01,4.449709678666320656e+01,4.500308410308325335e+01,1.266518843797546534e+00,6.720370563865832869e-01
5.515000000000000568e+01,2.857592074808190108e-01,1.382676084917235648e-01,4.449709678666320656e+01,4.500308410308325335e+01,1.266518843797546534e+00,6.720370563865832869e-01
5.520000000000000284e+01,2.861318196600258212e-01,1.389802706717579439e-01,4.449709678666320656e+01,4.500308410308325335e+01,1.266518843797546534e+00,6.720370563865832869e-01
5.525000000000000000e+01,2.865048689806430904e-01,1.396864366628101650e-01,4.449709678666320656e+01,4.500308410308325335e+01,1.266518843797546534e+00,6.720370563865832869e-01
5.530000000000000426e+01,2.868783425966723866e-01,1.403860726903391476e-01,4.449709678666320656e+01,4.500308410308325335e+01,1.266518843797546534e+00,6.720370563865832869e-01
5.535000000000000142e+01,2.872522276473782332e-01,1.410791452588735229e-01,4.449709678666320656e+01,4.500308410308325335e+01,1.266518843797546534e+00,6.720370563865832869e-01
5.540000000000000568e+01,2.876265112576825156e-01,1.417656211534481514e-01,4.449709678666320656e+01,4.500308410308325335e+01,1.266518843797546534e+00,6.720370563865832869e-01
5.545000000000000284e+01,2.880011805385577217e-01,1.424454674410260968e-01,4.449709678666320656e+01,4.500308410308325335e+01,1.266518843797546534e+00,6.720370563865832869e-01
5.550000000000000000e+01,2.883762225874226259e-01,1.431186514719106351e-01,4.449709678666320656e+01,4.500308410308325335e+01,1.266518843797546534e+00,6.720370563865832869e-01
5.555000000000000426e+01,2.887516244885368066e-01,1.437851408811448295e-01,4.449709678666320656e+01,4.500308410308325335e+01,1.266518843797546534e+00,6.720370563865832869e-01
5.560000000000000142e+01,2.891273733133961632e-01,1.444449035898977274e-01,4.449709678666320656e+01,4.500308410308325335e+01,1.266518843797546534e+00,6.720370563865832869e-01
5.565000000000000568e+01,2.895034561211293767e-01,1.450979078068407035e-01,4.449709678666320656e+01,4.500308410308325335e+01,1.266518843797546534e+00,6.720370563865832869e-01
5.570000000000000284e+01,2.898798599588933156e-01,1.457441220295097040e-01,4.449709678666320656e+01,4.500308410308325335e+01,1.266518843797546534e+00,6.720370563865832869e-01
5.575000000000000000e+01,2.902565718622704405e-01,1.463835150456564982e-01,4.449709678666320656e+01,4.500308410308325335e+01,1.266518843797546534e+00,6.720370563865832869e-01
5.580000000000000426e+01,2.906335788556655420e-01,1.470160559345868312e-01,4.449709678666320656e+01,4.500308410308325335e+01,1.266518843797546534e+00,6.720370563865832869e-01
5.585000000000000142e+01,2.910108679527029230e-01,1.476417140684868068e-01,4.449709678666320656e+01,4.500308410308325335e+01,1.266518843797546534e+00,6.720370563865832869e-01
5.590000000000000568e+01,2.913884261566243583e-01,1.482604591137366978e-01,4.449709678666320656e+01,4.500308410308325335e+01,1.266518843797546534e+00,6.720370563865832869e-01
5.595000000000000284e+01,2.917662404606868320e-01,1.488722610322117390e-01,4.449709678666320656e+01,4.500308410308325335e+01,1.266518843797546534e+00,6.720370563865832869e-01
5.600000000000000000e+01,2.921442978485610520e-01,1.494770900825721505e-01,4.361396891178983992e+01,4.533964106068896172e+01,1.191871538886234649e+00,7.053123561382036444e-01
5.605000000000000426e+01,2.925225852947301863e-01,1.500749168215381457e-01,4.361396891178983992e+01,4.533964106068896172e+01,1.191871538886234649e+00,7.053123561382036444e-01
5.610000000000000142e+01,2.929010897648881562e-01,1.506657121051540316e-01,4.361396891178983992e+01,4.533964106068896172e+01,1.191871538886234649e+00,7.053123561382036444e-01
5.615000000000000568e+01,2.932797982163395378e-01,1.512494470900398458e-01,4.361396891178983992e+01,4.533964106068896172e+01,1.191871538886234649e+00,7.053123561382036444e-01
5.620000000000000284e+01,2.936586975983984105e-01,1.518260932346284786e-01,4.361396891178983992e+01,4.533964106068896172e+01,1.191871538886234649e+00,7.053123561382036444e-01
5.625000000000000000e+01,2.940377748527883695e-01,1.523956223003920252e-01,4.361396891178983992e+01,4.533964106068896172e+01,1.191871538886234649e+00,7.053123561382036444e-01
5.630000000000000426e+01,2.944170169140423177e-01,1.529580063530545653e-01,4.361396891178983992e+01,4.533964106068896172e+01,1.191871538886234649e+00,7.053123561382036444e-01
5.635000000000000142e+01,2.947964107099024234e-01,1.535132177637911488e-01,4.361396891178983992e+01,4.533964106068896172e+01,1.191871538886234649e+00,7.053123561382036444e-01
5.640000000000000568e+01,2.951759431617208551e-01,1.540612292104155401e-01,4.361396891178983992e+01,4.533964106068896172e+01,1.191871538886234649e+00,7.053123561382036444e-01
5.645000000000000284e+01,2.955556011848597953e-01,1.546020136785536403e-01,4.361396891178983992e+01,4.533964106068896172e+01,1.191871538886234649e+00,7.053123561382036444e-01
5.650000000000000000e+01,2.959353716890925634e-01,1.551355444628046976e-01,4.361396891178983992e+01,4.533964106068896172e+01,1.191871538886234649e+00,7.053123561382036444e-01
5.655000000000000426e+01,2.963152415790045735e-01,1.556617951678889444e-01,4.361396891178983992e+01,4.533964106068896172e+01,1.191871538886234649e+00,7.053123561382036444e-01
5.660000000000000142e+01,2.966951977543938468e-01,1.561807397097822458e-01,4.361396891178983992e+01,4.533964106068896172e+01,1.191871538886234649e+00,7.053123561382036444e-01
5.665000000000000568e+01,2.970752271106729125e-01,1.566923523168380072e-01,4.361396891178983992e+01,4.533964106068896172e+01,1.191871538886234649e+00,7.053123561382036444e-01
5.670000000000000284e+01,2.974553165392694321e-01,1.571966075308948441e-01,4.361396891178983992e+01,4.533964106068896172e+01,1.191871538886234649e+00,7.053123561382036444e-01
5.675000000000000000e+01,2.978354529280284324e-01,1.576934802083723164e-01,4.361396891178983992e+01,4.533964106068896172e+01,1.191871538886234649e+00,7.053123561382036444e-01
5.680000000000000426e+01,2.982156231616134301e-01,1.581829455213524527e-01,4.361396891178983992e+01,4.533964106068896172e+01,1.191871538886234649e+00,7.053123561382036444e-01
5.685000000000000142e+01,2.985958141219080542e-01,1.586649789586476456e-01,4.361396891178983992e+01,4.533964106068896172e+01,1.191871538886234649e+00,7.053123561382036444e-01
5.690000000000000568e+01,2.989760126884180580e-01,1.591395563268566682e-01,4.361396891178983992e+01,4.533964106068896172e+01,1.191871538886234649e+00,7.053123561382036444e-01
5.695000000000000284e+01,2.993562057386730535e-01,1.596066537514049810e-01,4.361396891178983992e+01,4.533964106068896172e+01,1.191871538886234649e+00,7.053123561382036444e-01
5.700000000000000000e+01,2.997363801486286894e-01,1.600662476775739362e-01,4.432285912343374434e+01,4.270203727660056359e+01,1.010238210061532360e+00,8.160189917897321399e-01
5.705000000000000426e+01,3.001165227930679968e-01,1.605183148715146613e-01,4.432285912343374434e+01,4.270203727660056359e+01,1.010238210061532360e+00,8.160189917897321399e-01
5.710000000000000142e+01,3.004966205460041784e-01,1.609628324212488137e-01,4.432285912343374434e+01,4.270203727660056359e+01,1.010238210061532360e+00,8.160189917897321399e-01
5.715000000000000568e+01,3.008766602810821200e-01,1.613997777376567910e-01,4.432285912343374434e+01,4.270203727660056359e+01,1.010238210061532360e+00,8.160189917897321399e-01
5.720000000000000284e+01,3.012566288719805696e-01,1.618291285554502579e-01,4.432285912343374434e+01,4.270203727660056359e+01,1.010238210061532360e+00,8.160189917897321399e-01
5.725000000000000000e+01,3.016365131928142596e-01,1.622508629341330166e-01,4.432285912343374434e+01,4.270203727660056359e+01,1.010238210061532360e+00,8.160189917897321399e-01
5.730000000000000426e+01,3.020163001185361407e-01,1.626649592589470006e-01,4.432285912343374434e+01,4.270203727660056359e+01,1.010238210061532360e+00,8.160189917897321399e-01
5.735000000000000142e+01,3.023959765253388943e-01,1.630713962418042229e-01,4.432285912343374434e+01,4.270203727660056359e+01,1.010238210061532360e+00,8.160189917897321399e-01
5.740000000000000568e+01,3.027755292910574991e-01,1.634701529222060967e-01,4.432285912343374434e+01,4.270203727660056359e+01,1.010238210061532360e+00,8.160189917897321399e-01
5.745000000000000284e+01,3.031549452955707435e-01,1.638612086681477953e-01,4.432285912343374434e+01,4.270203727660056359e+01,1.010238210061532360e+00,8.160189917897321399e-01
5.750000000000000000e+01,3.035342114212035147e-01,1.642445431770091502e-01,4.432285912343374434e+01,4.270203727660056359e+01,1.010238210061532360e+00,8.160189917897321399e-01
5.755000000000000426e+01,3.039133145531284774e-01,1.646201364764316999e-01,4.432285912343374434e+01,4.270203727660056359e+01,1.010238210061532360e+00,8.160189917897321399e-01
5.760000000000000142e+01,3.042922415797675306e-01,1.649879689251814996e-01,4.432285912343374434e+01,4.270203727660056359e+01,1.010238210061532360e+00,8.160189917897321399e-01
5.765000000000000568e+01,3.046709793931939858e-01,1.653480212139981920e-01,4.432285912343374434e+01,4.270203727660056359e+01,1.010238210061532360e+00,8.160189917897321399e-01
5.770000000000000284e+01,3.050495148895337461e-01,1.657002743664295896e-01,4.432285912343374434e+01,4.270203727660056359e+01,1.010238210061532360e+00,8.160189917897321399e-01
5.775000000000000000e+01,3.054278349693667627e-01,1.660447097396530736e-01,4.432285912343374434e+01,4.270203727660056359e+01,1.010238210061532360e+00,8.160189917897321399e-01
5.780000000000000426e+01,3.058059265381288250e-01,1.663813090252816984e-01,4.432285912343374434e+01,4.270203727660056359e+01,1.010238210061532360e+00,8.160189917897321399e-01
5.785000000000000142e+01,3.061837765065117400e-01,1.667100542501568639e-01,4.432285912343374434e+01,4.270203727660056359e+01,1.010238210061532360e+00,8.160189917897321399e-01
5.790000000000000568e+01,3.065613717908655667e-01,1.670309277771271639e-01,4.432285912343374434e+01,4.270203727660056359e+01,1.010238210061532360e+00,8.160189917897321399e-01
5.795000000000000284e+01,3.069386993135982955e-01,1.673439123058117206e-01,4.432285912343374434e+01,4.270203727660056359e+01,1.010238210061532360e+00,8.160189917897321399e-01
5.800000000000000000e+01,3.073157460035774169e-01,1.676489908733506673e-01,4.614264479434179123e+01,4.543364925188465975e+01,1.116242342059464043e+00,9.604525973355890756e-01
5.805000000000000426e+01,3.076924987965298230e-01,1.679461468551406156e-01,4.614264479434179123e+01,4.543364925188465975e+01,1.116242342059464043e+00,9.604525973355890756e-01
5.810000000000000142e+01,3.080689446354423766e-01,1.682353639655558286e-01,4.614264479434179123e+01,4.543364925188465975e+01,1.116242342059464043e+00,9.604525973355890756e-01
5.815000000000000568e+01,3.084450704709619240e-01,1.685166262586553221e-01,4.614264479434179123e+01,4.543364925188465975e+01,1.116242342059464043e+00,9.604525973355890756e-01
5.820000000000000284e+01,3.088208632617948091e-01,1.687899181288753103e-01,4.614264479434179123e+01,4.543364925188465975e+01,1.116242342059464043e+00,9.604525973355890756e-01
5.825000000000000000e+01,3.091963099751071642e-01,1.690552243117076081e-01,4.614264479434179123e+01,4.543364925188465975e+01,1.116242342059464043e+00,9.604525973355890756e-01
5.830000000000000426e+01,3.095713975869237022e-01,1.693125298843629334e-01,4.614264479434179123e+01,4.543364925188465975e+01,1.116242342059464043e+00,9.604525973355890756e-01
5.835000000000000142e+01,3.099461130825265642e-01,1.695618202664207763e-01,4.614264479434179123e+01,4.543364925188465975e+01,1.116242342059464043e+00,9.604525973355890756e-01
5.840000000000000568e+01,3.103204434568548886e-01,1.698030812204638362e-01,4.614264479434179123e+01,4.543364925188465975e+01,1.116242342059464043e+00,9.604525973355890756e-01
5.845000000000000284e+01,3.106943757149027152e-01,1.700362988526981090e-01,4.614264479434179123e+01,4.543364925188465975e+01,1.116242342059464043e+00,9.604525973355890756e-01
5.850000000000000000e+01,3.110678968721175552e-01,1.702614596135593183e-01,4.614264479434179123e+01,4.543364925188465975e+01,1.116242342059464043e+00,9.604525973355890756e-01
5.855000000000000426e+01,3.114409939547980177e-01,1.704785502983033885e-01,4.614264479434179123e+01,4.543364925188465975e+01,1.116242342059464043e+00,9.604525973355890756e-01
5.860000000000000142e+01,3.118136540004916024e-01,1.706875580475833432e-01,4.614264479434179123e+01,4.543364925188465975e+01,1.116242342059464043e+00,9.604525973355890756e-01
5.865000000000000568e+01,3.121858640583916045e-01,1.708884703480113842e-01,4.614264479434179123e+01,4.543364925188465975e+01,1.116242342059464043e+00,9.604525973355890756e-01
5.870000000000000284e+01,3.125576111897347409e-01,1.710812750327058984e-01,4.614264479434179123e+01,4.543364925188465975e+01,1.116242342059464043e+00,9.604525973355890756e-01
5.875000000000000000e+01,3.129288824681968340e-01,1.712659602818245308e-01,4.614264479434179123e+01,4.543364925188465975e+01,1.116242342059464043e+00,9.604525973355890756e-01
5.880000000000000426e+01,3.132996649802896605e-01,1.714425146230817987e-01,4.614264479434179123e+01,4.543364925188465975e+01,1.116242342059464043e+00,9.604525973355890756e-01
5.885000000000000142e+01,3.136699458257560802e-01,1.716109269322524944e-01,4.614264479434179123e+01,4.543364925188465975e+01,1.116242342059464043e+00,9.604525973355890756e-01
5.890000000000000568e+01,3.140397121179661633e-01,1.717711864336605998e-01,4.614264479434179123e+01,4.543364925188465975e+01,1.116242342059464043e+00,9.604525973355890756e-01
5.895000000000000284e+01,3.144089509843115970e-01,1.719232827006523245e-01,4.614264479434179123e+01,4.543364925188465975e+01,1.116242342059464043e+00,9.604525973355890756e-01
5.900000000000000000e+01,3.147776495666004259e-01,1.720672056560558494e-01,4.732688683321811851e+01,5.042825068101952013e+01,9.181896601883625664e-01,1.026662041198595832e+00
5.905000000000000426e+01,3.151457950214514581e-01,1.722029455726252489e-01,4.732688683321811851e+01,5.042825068101952013e+01,9.181896601883625664e-01,1.026662041198595832e+00
5.910000000000000142e+01,3.155133745206873397e-01,1.723304930734698703e-01,4.732688683321811851e+01,5.042825068101952013e+01,9.181896601883625664e-01,1.026662041198595832e+00
5.915000000000000568e+01,3.158803752517283514e-01,1.724498391324691404e-01,4.732688683321811851e+01,5.042825068101952013e+01,9.181896601883625664e-01,1.026662041198595832e+00
5.920000000000000284e+01,3.162467844179850385e-01,1.725609750746722182e-01,4.732688683321811851e+01,5.042825068101952013e+01,9.181896601883625664e-01,1.026662041198595832e+00
5.925000000000000000e+01,3.166125892392502861e-01,1.726638925766829369e-01,4.732688683321811851e+01,5.042825068101952013e+01,9.181896601883625664e-01,1.026662041198595832e+00
5.930000000000000426e+01,3.169777769520913946e-01,1.727585836670297026e-01,4.732688683321811851e+01,5.042825068101952013e+01,9.181896601883625664e-01,1.026662041198595832e+00
5.935000000000000142e+01,3.173423348102409891e-01,1.728450407265208766e-01,4.732688683321811851e+01,5.042825068101952013e+01,9.181896601883625664e-01,1.026662041198595832e+00
5.940000000000000568e+01,3.177062500849884286e-01,1.729232564885848367e-01,4.732688683321811851e+01,5.042825068101952013e+01,9.181896601883625664e-01,1.026662041198595832e+00
5.945000000000000284e+01,3.180695100655693275e-01,1.729932240395951615e-01,4.732688683321811851e+01,5.042825068101952013e+01,9.181896601883625664e-01,1.026662041198595832e+00
5.950000000000000000e+01,3.184321020595557439e-01,1.730549368191813819e-01,4.732688683321811851e+01,5.042825068101952013e+01,9.181896601883625664e-01,1.026662041198595832e+00
5.955000000000000426e+01,3.187940133932453679e-01,1.731083886205240230e-01,4.732688683321811851e+01,5.042825068101952013e+01,9.181896601883625664e-01,1.026662041198595832e+00
5.960000000000000142e+01,3.191552314120496558e-01,1.731535735906353235e-01,4.732688683321811851e+01,5.042825068101952013e+01,9.181896601883625664e-01,1.026662041198595832e+00
5.965000000000000568e+01,3.195157434808825192e-01,1.731904862306244963e-01,4.732688683321811851e+01,5.042825068101952013e+01,9.181896601883625664e-01,1.026662041198595832e+00
5.970000000000000284e+01,3.198755369845470153e-01,1.732191213959483889e-01,4.732688683321811851e+01,5.042825068101952013e+01,9.181896601883625664e-01,1.026662041198595832e+00
5.975000000000000000e+01,3.202345993281229264e-01,1.732394742966469614e-01,4.732688683321811851e+01,5.042825068101952013e+01,9.181896601883625664e-01,1.026662041198595832e+00
5.980000000000000426e+01,3.205929179373526727e-01,1.732515404975637496e-01,4.732688683321811851e+01,5.042825068101952013e+01,9.181896601883625664e-01,1.026662041198595832e+00
5.985000000000000142e+01,3.209504802590265604e-01,1.732553159185513947e-01,4.732688683321811851e+01,5.042825068101952013e+01,9.181896601883625664e-01,1.026662041198595832e+00
5.990000000000000568e+01,3.213072737613686392e-01,1.732507968346620464e-01,4.732688683321811851e+01,5.042825068101952013e+01,9.181896601883625664e-01,1.026662041198595832e+00
5.995000000000000284e+01,3.216632859344200623e-01,1.732379798763228895e-01,4.732688683321811851e+01,5.042825068101952013e+01,9.181896601883625664e-01,1.026662041198595832e+00
